PDBID,Ligand CCD,Ligand chain,Ligand residue sequence number,measurement,sign,value,unit,logvalue,source,origin
11gs,GSH-EAA,,,ki,=,1.5,uM,-5.823908740944319,MOAD,Ki=1.5uM
1a07,ACE-DIP,,,kd,=,0.4,uM,-6.3979400086720375,MOAD,Kd=0.4uM
1a08,ACE-DIP,,,kd,=,2.4,uM,-5.619788758288394,MOAD,Kd=2.4uM
1a0t,GLC-FRU,,,kd,=,50.0,mM,-1.3010299956639813,MOAD,Kd=50.0mM
1a1b,ACE-DIP,,,kd,=,0.4,uM,-6.3979400086720375,MOAD,Kd=0.4uM
1a1c,ACE-DIX,,,kd,=,0.4,uM,-6.3979400086720375,MOAD,Kd=0.4uM
1a1e,ACE-DIY,,,kd,=,1.0,uM,-6.0,MOAD,Kd=1.0uM
1a2c,34H-OAR,,,ic50,=,0.5,uM,-6.301029995663981,MOAD,ic50=0.5uM
1a30,GLU-LEU,,,ki,=,50.0,uM,-4.301029995663981,MOAD,Ki=50.0uM
1a7c,ACE-NH2,,,kd,<,100.0,uM,-4.0,MOAD,Kd<100.0uM
1ad8,ASP-LEU,,,ki,=,247.0,nM,-6.607303046740334,MOAD,Ki=247.0nM
1af6,GLC-FRU,,,kd,=,15.0,mM,-1.8239087409443187,MOAD,Kd=15.0mM
1agm,GLC-AC1,,,kd,~,1e-11,M,-11.0,MOAD,Kd~1e-11M
1anf,GLC-GLC,,,ki,=,3.5,uM,-5.455931955649724,MOAD,Ki=3.5uM
1apu,IVA-32L,,,ki,=,1.6,nM,-8.795880017344075,MOAD,Ki=1.6nM
1apv,IVA-NME,,,ki,=,1.0,nM,-9.0,MOAD,Ki=1.0nM
1apw,IVA-NME,,,ki,=,10.0,nM,-8.0,MOAD,Ki=10.0nM
1aq7,34H-AG2,,,ic50,=,0.9,uM,-6.045757490560675,MOAD,ic50=0.9uM
1aqc,GLY-PHE,,,kd,=,4.56,uM,-5.341035157335565,MOAD,Kd=4.56uM
1at5,NAG-NAG,,,kd,=,6.66e-05,M,-4.176525770829699,MOAD,Kd=6.66e-05M
1at6,NAG-NAG,,,kd,=,8.5e-05,M,-4.070581074285707,MOAD,Kd=8.5e-05M
1awf,ASP-LEU,,,ki,=,0.97,uM,-6.013228265733755,MOAD,Ki=0.97uM
1awi,PRO-PRO,,,kd,=,90.0,uM,-4.045757490560675,MOAD,Kd=90.0uM
1ax1,BGC-GAL,,,kd,=,0.0005154639175257732,M,-3.287801729930226,MOAD,Ka=1940.0M^-1
1ax2,NDG-GAL,,,kd,=,0.00010277492291880781,M,-3.988112840268352,MOAD,Ka=9730.0M^-1
1b05,LYS-LYS,,,kd,=,75.0,nM,-7.1249387366083,MOAD,Kd=75.0nM
1b0h,LYS-LYS,,,kd,=,0.2,uM,-6.698970004336019,MOAD,Kd=0.2uM
1b1h,LYS-LYS,,,kd,=,0.093,uM,-7.031517051446065,MOAD,Kd=0.093uM
1b2h,LYS-LYS,,,kd,=,29.0,uM,-4.537602002101044,MOAD,Kd=29.0uM
1b32,LYS-LYS,,,kd,=,79.0,nM,-7.102372908709558,MOAD,Kd=79.0nM
1b3f,LYS-LYS,,,kd,=,130.0,nM,-6.886056647693163,MOAD,Kd=130.0nM
1b3g,LYS-LYS,,,kd,=,200.0,nM,-6.698970004336019,MOAD,Kd=200.0nM
1b3h,LYS-LYS,,,kd,=,0.62,uM,-6.207608310501746,MOAD,Kd=0.62uM
1b3l,LYS-LYS,,,kd,=,1300.0,nM,-5.886056647693163,MOAD,Kd=1300.0nM
1b40,LYS-LYS,,,kd,=,53.0,nM,-7.275724130399211,MOAD,Kd=53.0nM
1b46,LYS-LYS,,,kd,=,5200.0,nM,-5.2839966563652006,MOAD,Kd=5200.0nM
1b4h,LYS-LYS,,,kd,=,3.44,uM,-5.46344155742847,MOAD,Kd=3.44uM
1b4z,LYS-LYS,,,kd,=,5900.0,nM,-5.229147988357855,MOAD,Kd=5900.0nM
1b51,LYS-LYS,,,kd,=,43.0,nM,-7.366531544420413,MOAD,Kd=43.0nM
1b52,LYS-LYS,,,kd,=,76.0,nM,-7.119186407719209,MOAD,Kd=76.0nM
1b58,LYS-LYS,,,kd,=,260.0,nM,-6.585026652029182,MOAD,Kd=260.0nM
1b5h,LYS-LYS,,,kd,=,0.97,uM,-6.013228265733755,MOAD,Kd=0.97uM
1b5i,LYS-LYS,,,kd,=,90.0,nM,-7.045757490560675,MOAD,Kd=90.0nM
1b5j,LYS-LYS,,,kd,=,37.0,nM,-7.431798275933005,MOAD,Kd=37.0nM
1b6h,LYS-LYS,,,kd,=,0.015,uM,-7.823908740944319,MOAD,Kd=0.015uM
1b6j,ASN-NH2,,,ki,=,12.0,nM,-7.920818753952375,MOAD,Ki=12.0nM
1b7h,LYS-LYS,,,kd,=,0.0095,uM,-8.022276394711152,MOAD,Kd=0.0095uM
1b9j,LYS-LYS,,,kd,=,1100.0,nM,-5.958607314841775,MOAD,Kd=1100.0nM
1bfn,GLC-GLC,,,ki,=,1.64,mM,-2.785156151952302,MOAD,Ki=1.64mM
1bhf,ACE-ILE,,,kd,=,42.0,uM,-4.376750709602099,MOAD,Kd=42.0uM
1bm2,ACE-PRO,,,ic50,=,0.11,uM,-6.958607314841775,MOAD,ic50=0.11uM
1bmb,LYS-PHE,,,ic50,=,0.7,uM,-6.154901959985743,MOAD,ic50=0.7uM
1bzh,ASP-AEA,,,ki,=,0.17,uM,-6.769551078621726,MOAD,Ki=0.17uM
1c0p,DAL-PER,,,kd,=,3.0,mM,-2.5228787452803374,MOAD,Kd=3.0mM
1cka,PRO-ARG,,,kd,=,1.9,uM,-5.721246399047171,MOAD,Kd=1.9uM
1ckb,PRO-ARG,,,kd,=,5.2,uM,-5.2839966563652006,MOAD,Kd=5.2uM
1d6s,PLP-MET,,,kd,=,78.0,uM,-4.107905397309519,MOAD,Kd=78.0uM
1d6s,MET-PLP,,,kd,=,78.0,uM,-4.107905397309519,MOAD,Kd=78.0uM
1dmb,GLC-GLC,,,kd,=,1.8,uM,-5.7447274948966935,MOAD,Kd=1.8uM
1e4w,SER-GLU,,,kd,=,25.0,nM,-7.6020599913279625,MOAD,Kd=25.0nM
1e4x,VAL-ASP,,,kd,=,25.0,nM,-7.6020599913279625,MOAD,Kd=25.0nM
1e5j,MGL-GLC,,,ki,=,100.0,uM,-4.0,MOAD,Ki=100.0uM
1eb1,ZAL-MMO,,,ki,=,37.0,pM,-10.431798275933005,MOAD,Ki=37.0pM
1elr,ACE-ASP,,,kd,=,11.0,uM,-4.958607314841775,MOAD,Kd=11.0uM
1elw,GLY-ASP,,,kd,=,16.0,uM,-4.795880017344075,MOAD,Kd=16.0uM
1evh,ACE-THR,,,kd,=,602.0,uM,-3.2204035087421756,MOAD,Kd=602.0uM
1ez9,GLO-GLC,,,kd,=,8.0,uM,-5.096910013008056,MOAD,Kd=8.0uM
1f8a,TYR-SER,,,kd,=,10.0,uM,-5.0,MOAD,Kd=10.0uM
1fch,TYR-LEU,,,kd,=,70.0,nM,-7.154901959985743,MOAD,Kd=70.0nM
1fh7,XYP-XDN,,,ki,=,5.8,uM,-5.236572006437063,MOAD,Ki=5.8uM
1fh8,XYP-XIF,,,ki,=,0.13,uM,-6.886056647693163,MOAD,Ki=0.13uM
1fh9,LOX-XYP,,,ki,=,0.37,uM,-6.431798275933005,MOAD,Ki=0.37uM
1fhd,XYP-XIM,,,ki,=,0.15,uM,-6.823908740944319,MOAD,Ki=0.15uM
1fiv,ACE-NH2,,,ki,=,260.0,nM,-6.585026652029182,MOAD,Ki=260.0nM
1fo0,ILE-ILE,,,kd,=,2.6,uM,-5.585026652029182,MOAD,Kd=2.6uM
1fwu,MAG-SGA,,,kd,=,0.2,mM,-3.6989700043360187,MOAD,Kd=0.2mM
1fwv,MAG-FUC,,,kd,=,0.19,mM,-3.721246399047171,MOAD,Kd=0.19mM
1fyr,ACE-VAL,,,ic50,=,2.4,uM,-5.619788758288394,MOAD,ic50=2.4uM
1fzj,ARG-LEU,,,kd,=,8.0,nM,-8.096910013008056,MOAD,Kd=8.0nM
1fzk,PHE-LEU,,,kd,=,4.0,nM,-8.397940008672037,MOAD,Kd=4.0nM
1fzm,ARG-LEU,,,kd,=,20.0,nM,-7.698970004336019,MOAD,Kd=20.0nM
1fzo,PHE-LEU,,,kd,=,13.0,nM,-7.886056647693163,MOAD,Kd=13.0nM
1g3c,109-109,,,ki,=,1.6,uM,-5.795880017344075,MOAD,Ki=1.6uM
1g7p,SER-MET,,,kd,=,90.0,nM,-7.045757490560675,MOAD,Kd=90.0nM
1g7q,SER-ALA,,,kd,=,877.0,nM,-6.057000406633959,MOAD,Kd=877.0nM
1ga8,BGC-Z9D,,,ki,=,16.0,mM,-1.7958800173440752,MOAD,Ki=16.0mM
1gah,GLC-AC1,,,ki,=,1.0,pM,-12.0,MOAD,Ki=1.0pM
1gai,GLC-RY7,,,ki,=,10.0,nM,-8.0,MOAD,Ki=10.0nM
1gny,XYP-XYP,,,kd,=,73.0,uM,-4.136677139879544,MOAD,Kd=73.0uM
1gse,GSH-EAA,,,ic50,~,1.8,uM,-5.7447274948966935,MOAD,ic50~1.8uM
1gu3,BGC-BGC,,,kd,=,4.761904761904762e-05,M,-4.3222192947339195,MOAD,Ka=21000.0M^-1
1gui,BGC-BGC,,,kd,=,0.53,uM,-6.275724130399211,MOAD,Kd=0.53uM
1gux,ASP-ASN,,,kd,=,110.0,nM,-6.958607314841775,MOAD,Kd=110.0nM
1gvu,PRO-LYS,,,ki,=,1.0,nM,-9.0,MOAD,Ki=1.0nM
1gvx,PRO-GLU,,,ki,=,60.0,nM,-7.221848749616356,MOAD,Ki=60.0nM
1gwl,BMA-BMA,,,kd,=,0.0004,M,-3.3979400086720375,MOAD,Ka=2500.0M^-1
1gwq,LYS-ASP,,,kd,=,76.0,nM,-7.119186407719209,MOAD,Kd=76.0nM
1gwr,ASN-ASP,,,kd,=,250.0,nM,-6.6020599913279625,MOAD,Kd=250.0nM
1gwv,BGC-GAL,,,kd,=,2.68,mM,-2.571865205971211,MOAD,Kd=2.68mM
1gww,UDP-GLC,,,kd,=,0.258,mM,-3.58838029403677,MOAD,Kd=0.258mM
1gx4,NAG-GAL,,,kd,=,0.58,mM,-3.2365720064370627,MOAD,Kd=0.58mM
1gz9,BGC-FUC,,,kd,=,0.31,mM,-3.5086383061657274,MOAD,Kd=0.31mM
1gzc,BGC-GAL,,,kd,=,0.32,mM,-3.494850021680094,MOAD,Kd=0.32mM
1h24,PRO-GLU,,,kd,=,0.5,uM,-6.301029995663981,MOAD,Kd=0.5uM
1h2t,GDP-7MG,,,kd,~,13.0,nM,-7.886056647693163,MOAD,Kd~13.0nM
1h2u,GDP-7MG,,,kd,~,13.0,nM,-7.886056647693163,MOAD,Kd~13.0nM
1h9g,COA-MYR,,,kd,=,59.0,nM,-7.229147988357855,MOAD,Kd=59.0nM
1hef,ALA-VME,,,ki,=,1.0,nM,-9.0,MOAD,Ki=1.0nM
1hew,NAG-NAG,,,kd,=,10.0,uM,-5.0,MOAD,Kd=10.0uM
1hkk,NAA-NAA,,,ic50,=,40.0,nM,-7.3979400086720375,MOAD,ic50=40.0nM
1iau,ACE-ASJ,,,ki,=,80.0,nM,-7.096910013008056,MOAD,Ki=80.0nM
1inq,SER-LEU,,,ic50,=,539.0,nM,-6.268411234813261,MOAD,ic50=539.0nM
1is0,AY0-ILE,,,kd,=,0.1,uM,-7.0,MOAD,Kd=0.1uM
1j84,BGC-BGC,,,kd,=,0.0008333333333333334,M,-3.0791812460476247,MOAD,Ka=1200.0M^-1
1jd5,ALA-ALA,,,kd,=,0.24,uM,-6.619788758288394,MOAD,Kd=0.24uM
1jet,LYS-LYS,,,kd,=,56.0,nM,-7.251811972993799,MOAD,Kd=56.0nM
1jeu,LYS-LYS,,,kd,=,150.0,nM,-6.823908740944319,MOAD,Kd=150.0nM
1jev,LYS-LYS,,,kd,=,130.0,nM,-6.886056647693163,MOAD,Kd=130.0nM
1jfh,MA3-MA2,,,ki,=,9.0,mM,-2.0457574905606752,MOAD,Ki=9.0mM
1jfh,MA1-GLC,,,ki,=,9.0,mM,-2.0457574905606752,MOAD,Ki=9.0mM
1jlx,A2G-GAL,,,ic50,=,1.6,uM,-5.795880017344075,MOAD,ic50=1.6uM
1jq8,LEU-SER,,,ki,=,1.01,uM,-5.995678626217358,MOAD,Ki=1.01uM
1jq9,PHE-LYS,,,kd,=,3.57,nM,-8.447331783887806,MOAD,Kd=3.57nM
1juf,SER-LEU,,,ic50,=,1400.0,nM,-5.853871964321762,MOAD,ic50=1400.0nM
1jyq,MAZ-ASN,,,kd,=,2.0,nM,-8.698970004336019,MOAD,Kd=2.0nM
1jyr,ALA-ASN,,,kd,=,18.0,nM,-7.7447274948966935,MOAD,Kd=18.0nM
1jzn,BGC-GAL,,,ki,=,80.0,uM,-4.096910013008056,MOAD,Ki=80.0uM
1k1y,GLC-AC1,,,ki,~,0.0006,M,-3.2218487496163566,MOAD,Ki~0.0006M
1k7t,GAL-NAG,,,kd,=,0.00011363636363636364,M,-3.9444826721501687,MOAD,Ka=8800.0M^-1
1k7u,NAG-NAG,,,kd,=,0.00014084507042253522,M,-3.8512583487190755,MOAD,Ka=7100.0M^-1
1kc2,PRO-ILE,,,kd,=,0.21,uM,-6.6777807052660805,MOAD,Kd=0.21uM
1kjl,NAG-GAL,,,kd,=,67.0,uM,-4.173925197299173,MOAD,Kd=67.0uM
1kjr,NAG-BEK,,,kd,=,0.88,uM,-6.055517327849832,MOAD,Kd=0.88uM
1kl3,ASN-LYS,,,kd,=,1.37,uM,-5.863279432843593,MOAD,Kd=1.37uM
1kl5,ASN-LYS,,,kd,=,1.02,uM,-5.991399828238082,MOAD,Kd=1.02uM
1kug,PCA-TRP,,,ki,=,0.00016,M,-3.795880017344075,MOAD,Ki=0.00016M
1kui,PCA-TRP,,,ki,=,0.169,mM,-3.7721132953863266,MOAD,Ki=0.169mM
1kuk,PCA-TRP,,,ki,=,0.124,mM,-3.906578314837765,MOAD,Ki=0.124mM
1l7z,GLY-MYR,,,kd,=,3.0,nM,-8.522878745280337,MOAD,Kd=3.0nM
1lax,GLC-GLC,,,kd,=,2.0,uM,-5.698970004336019,MOAD,Kd=2.0uM
1lb6,LYS-PHE,,,kd,=,84.0,uM,-4.075720713938118,MOAD,Kd=84.0uM
1leg,GLU-VAL,,,kd,=,11.1,nM,-7.954677021213342,MOAD,Kd=11.1nM
1lek,GLU-VAL,,,kd,=,1.3,nM,-8.886056647693163,MOAD,Kd=1.3nM
1lf9,GLC-AC1,,,ki,~,1e-11,M,-11.0,MOAD,Ki~1e-11M
1lk2,GLY-LEU,,,ic50,=,12.0,uM,-4.920818753952375,MOAD,ic50=12.0uM
1lkk,ACE-ACE,,,kd,=,140.0,nM,-6.853871964321762,MOAD,Kd=140.0nM
1lkl,ACE-GLY,,,kd,=,1540.0,nM,-5.8124792791635365,MOAD,Kd=1540.0nM
1lvk,MNT-BEF,,,kd,=,1.2,uM,-5.920818753952375,MOAD,Kd=1.2uM
1lyb,IVA-STA,,,ki,=,3.8,pM,-11.42021640338319,MOAD,Ki=3.8pM
1lzb,NAG-NAG,,,kd,=,13.0,uM,-4.886056647693163,MOAD,Kd=13.0uM
1lze,NAG-NAG,,,kd,=,83.0,uM,-4.080921907623926,MOAD,Kd=83.0uM
1lzg,NAG-NAG,,,kd,=,0.14,mM,-3.853871964321762,MOAD,Kd=0.14mM
1m21,PHE-PHA,,,ki,<,0.3,uM,-6.522878745280337,MOAD,Ki<0.3uM
1m7d,MAG-RAM,,,kd,=,5.88235294117647e-07,M,-6.230448921378274,MOAD,Ka=1700000.0M^-1
1m7i,RAO-RAM,,,kd,=,4e-06,M,-5.3979400086720375,MOAD,Ka=250000.0M^-1
1mf4,VAL-SER,,,ki,=,10.2,nM,-7.991399828238082,MOAD,Ki=10.2nM
1mfa,MMA-ABE,,,kd,=,9.1,uM,-5.040958607678906,MOAD,Kd=9.1uM
1mfd,MMA-ABE,,,kd,=,4.9,uM,-5.309803919971486,MOAD,Kd=4.9uM
1mfg,GLU-VAL,,,kd,~,50.0,uM,-4.301029995663981,MOAD,Kd~50.0uM
1mfl,GLU-VAL,,,kd,~,128.0,uM,-3.8927900303521317,MOAD,Kd~128.0uM
1mhw,BP4-PEA,,,ki,=,45.0,nM,-7.346787486224656,MOAD,Ki=45.0nM
1mi5,PHE-LEU,,,kd,~,10.0,uM,-5.0,MOAD,Kd~10.0uM
1n51,01B-NH2,,,ki,=,14.0,uM,-4.853871964321762,MOAD,Ki=14.0uM
1n92,NAJ-PYZ,,,ki,=,0.02,uM,-7.698970004336019,MOAD,Ki=0.02uM
1nh0,KI2-NH2,,,ki,=,0.18,nM,-9.744727494896694,MOAD,Ki=0.18nM
1nl5,GLC-GLC,,,kd,=,6.0,nM,-8.221848749616356,MOAD,Kd=6.0nM
1npl,MAN-MAN,,,kd,=,2.0,mM,-2.6989700043360187,MOAD,Kd=2.0mM
1nzl,PRO-ALA,,,kd,=,0.07,uM,-7.154901959985743,MOAD,Kd=0.07uM
1nzv,PRO-ALA,,,kd,=,0.4,uM,-6.3979400086720375,MOAD,Kd=0.4uM
1o7o,BGC-GAL,,,kd,=,2.69,mM,-2.570247719997592,MOAD,Kd=2.69mM
1o9d,GLN-VAL,,,kd,=,2.5,uM,-5.6020599913279625,MOAD,Kd=2.5uM
1o9f,peptide,P,1 ~ 5,kd,=,0.7,uM,-6.154901959985743,BioLiP,Kd=0.7uM (12606564)
1oau,SER-DNF,,,kd,=,20.0,nM,-7.698970004336019,MOAD,Kd=20.0nM
1oau,DNF-SER,,,kd,=,20.0,nM,-7.698970004336019,MOAD,Kd=20.0nM
1obx,GLU-PHE,,,kd,=,1.9,uM,-5.721246399047171,MOAD,Kd=1.9uM
1oby,THR-ALA,,,kd,=,2.3,uM,-5.638272163982407,MOAD,Kd=2.3uM
1ocq,IFM-BGC,,,ki,=,6.5,uM,-5.187086643357144,MOAD,Ki=6.5uM
1of4,BMA-BMA,,,kd,=,2.9,uM,-5.537602002101044,MOAD,Kd=2.9uM
1ogg,NAA-NAA,,,ki,=,6.4,uM,-5.1938200260161125,MOAD,Ki=6.4uM
1oh3,GLC-BGC,,,kd,=,0.109,mM,-3.962573502059376,MOAD,Kd=0.109mM
1oh4,BMA-GLA,,,kd,=,0.0001818181818181818,M,-3.740362689494244,MOAD,Ka=5500.0M^-1
1okv,ARG-NH2,,,ic50,=,0.68,uM,-6.167491087293763,MOAD,ic50=0.68uM
1okw,ACE-NH2,,,ic50,=,5.6,uM,-5.251811972993799,MOAD,ic50=5.6uM
1olc,LYS-ALA,,,kd,=,2.7,uM,-5.568636235841012,MOAD,Kd=2.7uM
1oxn,ALA-GLU,,,ki,=,2.1,uM,-5.6777807052660805,MOAD,Ki=2.1uM
1oxq,ALA-GLU,,,ki,=,0.5,uM,-6.301029995663981,MOAD,Ki=0.5uM
1p2g,GLC-GLC,,,ki,=,7.4,mM,-2.1307682802690238,MOAD,Ki=7.4mM
1pig,BGC-AGL,,,ic50,=,0.7,nM,-9.154901959985743,MOAD,ic50=0.7nM
1pip,SIN-NIT,,,ki,<,10.0,uM,-5.0,MOAD,Ki<10.0uM
1pmh,MAN-BMA,,,kd,=,0.1,uM,-7.0,MOAD,Kd=0.1uM
1ppi,BGC-GLC,,,ki,=,9.7,uM,-5.013228265733755,MOAD,Ki=9.7uM
1pz5,MET-ALA,,,kd,=,4.0,uM,-5.3979400086720375,MOAD,Kd=4.0uM
1q4k,MET-LEU,,,kd,=,280.0,nM,-6.552841968657781,MOAD,Kd=280.0nM
1q6c,GLC-GLC,,,kd,=,5.1,mM,-2.2924298239020637,MOAD,Kd=5.1mM
1q6d,GLC-GLC,,,kd,=,0.46,mM,-3.3372421683184257,MOAD,Kd=0.46mM
1q6e,GLC-GLC,,,kd,=,2.4,mM,-2.619788758288394,MOAD,Kd=2.4mM
1q6e,BGC-GLC,,,kd,=,2.4,mM,-2.619788758288394,MOAD,Kd=2.4mM
1q6g,GLC-GLC,,,kd,=,8.8,mM,-2.0555173278498313,MOAD,Kd=8.8mM
1qj1,ASP-LEU,,,ic50,=,9.0,nM,-8.045757490560675,MOAD,ic50=9.0nM
1qj6,ASP-LEU,,,ic50,=,18.0,nM,-7.7447274948966935,MOAD,ic50=18.0nM
1qj7,ASP-LEU,,,ic50,=,18.0,nM,-7.7447274948966935,MOAD,ic50=18.0nM
1qja,ARG-ALA,,,kd,=,416.0,nM,-6.380906669373257,MOAD,Kd=416.0nM
1qjb,ALA-ALA,,,ki,=,416.0,nM,-6.380906669373257,MOAD,Ki=416.0nM
1qka,LYS-LYS,,,kd,=,1200.0,nM,-5.920818753952375,MOAD,Kd=1200.0nM
1qkb,LYS-LYS,,,kd,=,45.0,nM,-7.346787486224656,MOAD,Kd=45.0nM
1qm5,GLC-GLC,,,ki,=,1.5,uM,-5.823908740944319,MOAD,Ki=1.5uM
1qr3,ALQ-VAL,,,ic50,=,0.26,uM,-6.585026652029182,MOAD,ic50=0.26uM
1qsc,ACE-THR,,,kd,=,210.0,uM,-3.677780705266081,MOAD,Kd=210.0uM
1rst,ALA-GLY,,,kd,=,37.0,uM,-4.431798275933005,MOAD,Kd=37.0uM
1rsu,SER-LYS,,,kd,=,72.0,uM,-4.142667503568731,MOAD,Kd=72.0uM
1rzx,ACE-VAL,,,kd,=,80.0,uM,-4.096910013008056,MOAD,Kd=80.0uM
1s3k,NDG-FUC,,,kd,=,0.24,uM,-6.619788758288394,MOAD,Kd=0.24uM
1s5p,LYS-ARG,,,kd,=,0.44,uM,-6.356547323513812,MOAD,Kd=0.44uM
1sem,ACE-ARG,,,kd,=,43.0,uM,-4.366531544420413,MOAD,Kd=43.0uM
1shd,ACE-GLU,,,ic50,=,0.67,uM,-6.173925197299173,MOAD,ic50=0.67uM
1sld,ACE-NH2,,,kd,=,270.0,nM,-6.568636235841012,MOAD,Kd=270.0nM
1sle,ACE-NH2,,,kd,=,670.0,nM,-6.173925197299173,MOAD,Kd=670.0nM
1slg,PHE-THR,,,kd,=,125.0,uM,-3.9030899869919438,MOAD,Kd=125.0uM
1str,ACE-NH2,,,kd,=,17.0,uM,-4.769551078621726,MOAD,Kd=17.0uM
1sts,PHE-NH2,,,kd,=,10.0,uM,-5.0,MOAD,Kd=10.0uM
1svk,ALF-GDP,,,kd,=,1.1,nM,-8.958607314841775,MOAD,Kd=1.1nM
1t7d,DSE-TYR,,,kd,=,6.4e-08,M,-7.1938200260161125,MOAD,Kd=6.4e-08M
1tps,OSL-VAL,,,ic50,=,10.0,nM,-8.0,MOAD,ic50=10.0nM
1tw6,ALA-GLU,,,ki,=,0.34,nM,-9.468521082957745,MOAD,Ki=0.34nM
1tze,LYS-NH2,,,ic50,=,0.148,uM,-6.8297382846050425,MOAD,ic50=0.148uM
1u9l,ASN-LEU,,,kd,=,3.55,uM,-5.449771646944906,MOAD,Kd=3.55uM
1ua7,BGC-ACI,,,ic50,=,0.2,uM,-6.698970004336019,MOAD,ic50=0.2uM
1ugx,MGC-GAL,,,kd,=,1.240694789081886e-06,M,-5.90633504180509,MOAD,Ka=806000.0M^-1
1ugy,BGC-GLA,,,kd,=,0.00018832391713747646,M,-3.725094521081469,MOAD,Ka=5310.0M^-1
1ugy,GLC-GLA,,,kd,=,0.00018832391713747646,M,-3.725094521081469,MOAD,Ka=5310.0M^-1
1ukq,GLC-ACI,,,ic50,=,0.33,uM,-6.481486060122112,MOAD,ic50=0.33uM
1ukq,GLC-ACI,,,ic50,=,0.33,uM,-6.481486060122112,MOAD,ic50=0.33uM
1uks,GLC-ACI,,,ic50,=,3300.0,uM,-2.4814860601221125,MOAD,ic50=3300.0uM
1ukt,GAL-ACI,,,ic50,>,5600.0,uM,-2.2518119729937998,MOAD,ic50>5600.0uM
1uld,NAG-FUC,,,kd,=,4.5,uM,-5.346787486224656,MOAD,Kd=4.5uM
1ule,NAG-GLA,,,kd,=,1.2,uM,-5.920818753952375,MOAD,Kd=1.2uM
1ulg,NGA-GAL,,,kd,=,62.2,uM,-4.206209615309181,MOAD,Kd=62.2uM
1umw,PRO-LEU,,,kd,=,280.0,nM,-6.552841968657781,MOAD,Kd=280.0nM
1uoo,GLY-PRO,,,kd,=,0.29,uM,-6.537602002101044,MOAD,Kd=0.29uM
1ur8,GDL-NAG,,,ki,=,45.0,uM,-4.346787486224656,MOAD,Ki=45.0uM
1ur9,GDL-NAG,,,ki,=,1.7,uM,-5.769551078621726,MOAD,Ki=1.7uM
1urg,GLC-GLC,,,kd,=,1.5,uM,-5.823908740944319,MOAD,Kd=1.5uM
1utc,THR-THR,,,kd,=,28.0,uM,-4.552841968657781,MOAD,Kd=28.0uM
1ux7,XYP-XYP,,,kd,~,1.0,mM,-3.0,MOAD,Kd~1.0mM
1uxa,GAL-SIA,,,kd,=,5.0,mM,-2.3010299956639813,MOAD,Kd=5.0mM
1uxb,GAL-SIA,,,kd,=,7.0,mM,-2.154901959985743,MOAD,Kd=7.0mM
1uz8,MAG-GAL,,,kd,=,1.075268817204301e-05,M,-4.968482948553935,MOAD,Ka=93000.0M^-1
1v0k,XYP-XDN,,,ki,=,40.0,uM,-4.3979400086720375,MOAD,Ki=40.0uM
1v0l,XIF-XYP,,,ki,=,480.0,nM,-6.318758762624412,MOAD,Ki=480.0nM
1v97,20161_20162_20163_20164_-FYX,,,kd,=,5.3,nM,-8.275724130399212,MOAD,Kd=5.3nM
1v97,20298_20299_20300_20301_-FYX,,,kd,=,5.3,nM,-8.275724130399212,MOAD,Kd=5.3nM
1vwf,ACE-NH2,,,kd,=,2200.0,nM,-5.657577319177793,MOAD,Kd=2200.0nM
1vwl,HIS-LEA,,,kd,=,2.33,uM,-5.632644078973981,MOAD,Kd=2.33uM
1vwn,ACE-NH2,,,kd,=,1500.0,nM,-5.823908740944319,MOAD,Kd=1500.0nM
1w3k,BGC-OXZ,,,ki,=,50.0,uM,-4.301029995663981,MOAD,Ki=50.0uM
1w3l,BGC-OXZ,,,ki,=,0.52,uM,-6.2839966563652006,MOAD,Ki=0.52uM
1w6o,BGC-GAL,,,kd,=,0.00045454545454545455,M,-3.342422680822206,MOAD,Ka=2200.0M^-1
1w6p,NDG-GAL,,,kd,=,9.900990099009902e-05,M,-4.004321373782642,MOAD,Ka=10100.0M^-1
1w72,GLU-TYR,,,kd,=,14.0,nM,-7.853871964321762,MOAD,Kd=14.0nM
1w8f,BGC-NAG,,,kd,=,6.41025641025641e-11,M,-10.193124598354462,MOAD,Ka=15600000000.0M^-1
1w8f,BGC-GAL,,,kd,=,6.41025641025641e-11,M,-10.193124598354462,MOAD,Ka=15600000000.0M^-1
1w8f,BGC-GAL,,,kd,=,6.41025641025641e-11,M,-10.193124598354462,MOAD,Ka=15600000000.0M^-1
1w8h,NAG-FUC,,,kd,=,2.127659574468085e-11,M,-10.672097857935718,MOAD,Ka=47000000000.0M^-1
1w8h,NDG-FUC,,,kd,=,2.127659574468085e-11,M,-10.672097857935718,MOAD,Ka=47000000000.0M^-1
1w9e,THR-PHE,,,kd,=,1.0,mM,-3.0,MOAD,Kd=1.0mM
1w9o,THR-VAL,,,kd,=,0.74,mM,-3.1307682802690238,MOAD,Kd=0.74mM
1w9u,0AR-UN1,,,kd,=,0.81,uM,-6.0915149811213505,MOAD,Kd=0.81uM
1w9v,VR0-DAL,,,kd,=,0.46,uM,-6.337242168318426,MOAD,Kd=0.46uM
1w9w,BGC-BGC,,,kd,=,3.4482758620689654e-06,M,-5.4623979978989565,MOAD,Ka=290000.0M^-1
1waw,0AR-UN1,,,ic50,=,0.013,uM,-7.886056647693163,MOAD,ic50=0.013uM
1wb0,VR0-DAL,,,ic50,=,4.5,uM,-5.346787486224656,MOAD,ic50=4.5uM
1wdq,GLC-GLC,,,kd,=,10.45,mM,-1.9808837095529273,MOAD,Kd=10.45mM
1wdr,GLC-GLC,,,kd,=,3.05,mM,-2.515700160653214,MOAD,Kd=3.05mM
1wgc,BGC-SIA,,,kd,=,0.74,mM,-3.1307682802690238,MOAD,Kd=0.74mM
1x2r,LEU-LEU,,,kd,=,1.8148820326678765e-07,M,-6.741151598851785,MOAD,Ka=5510000.0M^-1
1x9d,Z5L-MAN,,,kd,=,110.0,uM,-3.958607314841775,MOAD,Kd=110.0uM
1xnk,Z4U-TWY,,,kd,=,9.174311926605505e-05,M,-4.037426497940624,MOAD,Ka=10900.0M^-1
1xt3,SGN-IDS,,,kd,=,2.01,uM,-5.696803942579511,MOAD,Kd=2.01uM
1y2a,GLY-ILE,,,kd,~,45.8,nM,-7.339134521996131,MOAD,Kd~45.8nM
1y3g,3PL-LEU,,,ki,=,40.0,nM,-7.3979400086720375,MOAD,Ki=40.0nM
1y3n,MAV-BEM,,,kd,=,2.8,uM,-5.552841968657781,MOAD,Kd=2.8uM
1y3p,MAV-BEM,,,kd,=,15.0,uM,-4.823908740944319,MOAD,Kd=15.0uM
1y79,LYS-TRP,,,ic50,=,9.0,uM,-5.045757490560675,MOAD,ic50=9.0uM
1y79,GLY-ASP,,,ic50,=,12.0,uM,-4.920818753952375,MOAD,ic50=12.0uM
1y7l,GLY-ILE,,,ki,=,130.0,nM,-6.886056647693163,MOAD,Ki=130.0nM
1yf4,CYS-NH2,,,ki,=,5.0,nM,-8.301029995663981,MOAD,Ki=5.0nM
1ym4,GLU-ALA,,,ic50,=,0.039,uM,-7.4089353929735005,MOAD,ic50=0.039uM
1ywo,GLN-MET,,,kd,=,12.5,uM,-4.903089986991944,MOAD,Kd=12.5uM
1z3t,BGC-BGC,,,kd,=,115.0,uM,-3.939302159646388,MOAD,Kd=115.0uM
1z3v,BGC-GAL,,,kd,=,77.0,uM,-4.113509274827518,MOAD,Kd=77.0uM
1zea,DVA-DSN,,,kd,=,6.0,uM,-5.221848749616356,MOAD,Kd=6.0uM
1zfp,BE2-NH2,,,ic50,=,26.0,nM,-7.585026652029182,MOAD,ic50=26.0nM
1zhs,NAG-MAN,,,kd,=,2.9,uM,-5.537602002101044,MOAD,Kd=2.9uM
1zkk,ALA-ASP,,,kd,=,33.0,uM,-4.481486060122112,MOAD,Kd=33.0uM
2add,GLC-FRU,,,ki,=,3.5,mM,-2.4559319556497243,MOAD,Ki=3.5mM
2ak5,ARG-ARG,,,kd,=,14.0,uM,-4.853871964321762,MOAD,Kd=14.0uM
2aoc,UNX-2NC,,,ki,=,13.0,uM,-4.886056647693163,MOAD,Ki=13.0uM
2aod,UNX-2NC,,,ki,=,2.17,uM,-5.663540266151471,MOAD,Ki=2.17uM
2aoh,VAL-ALA,,,ki,=,36.3,uM,-4.440093374963888,MOAD,Ki=36.3uM
2ar6,MAN-NAG,,,kd,=,1.5873015873015872e-05,M,-4.799340549453582,MOAD,Ka=63000.0M^-1
2arb,MAN-NAG,,,kd,=,3.846153846153846e-05,M,-4.414973347970818,MOAD,Ka=26000.0M^-1
2ast,ALA-LYS,,,kd,=,7.0,uM,-5.154901959985743,MOAD,Kd=7.0uM
2axi,PRO-DPR,,,ic50,=,140.0,nM,-6.853871964321762,MOAD,ic50=140.0nM
2b1q,GLC-GLC,,,ki,=,26.0,mM,-1.585026652029182,MOAD,Ki=26.0mM
2b1r,BGC-BGC,,,ki,=,101.0,mM,-0.9956786262173574,MOAD,Ki=101.0mM
2bcd,ACB-MDH,,,ic50,=,0.06,nM,-10.221848749616356,MOAD,ic50=0.06nM
2bgr,MET-GLU,,,ki,=,250.0,uM,-3.6020599913279625,MOAD,Ki=250.0uM
2bmz,MMA-XYP,,,kd,=,0.2,mM,-3.6989700043360187,MOAD,Kd=0.2mM
2bnq,SER-VAL,,,kd,=,5.0,uM,-5.301029995663981,MOAD,Kd=5.0uM
2bnr,SER-CYS,,,kd,=,13.3,uM,-4.876148359032914,MOAD,Kd=13.3uM
2bqz,ARG-TYR,,,kd,=,20.0,uM,-4.698970004336019,MOAD,Kd=20.0uM
2bs5,BGC-FUC,,,kd,=,250.0,nM,-6.6020599913279625,MOAD,Kd=250.0nM
2c7u,SER-LEU,,,kd,=,100.0,nM,-7.0,MOAD,Kd=100.0nM
2cdp,GAL-AAL,,,kd,=,1.5384615384615384e-05,M,-4.812913356642856,MOAD,Ka=65000.0M^-1
2cv3,THR-ASP,,,ic50,=,0.27,uM,-6.568636235841012,MOAD,ic50=0.27uM
2d2v,GLC-GLC,,,ki,=,100.0,mM,-1.0,MOAD,Ki=100.0mM
2dt3,NAG-NAG,,,kd,=,18.0,uM,-4.7447274948966935,MOAD,Kd=18.0uM
2eax,ALA-NAG,,,kd,=,227.0,mM,-0.6439741428068775,MOAD,Kd=227.0mM
2er6,PRO-GLU,,,ki,=,60.0,nM,-7.221848749616356,MOAD,Ki=60.0nM
2er7,BOC-HIS,,,ic50,=,0.7,nM,-9.154901959985743,MOAD,ic50=0.7nM
2er9,BOC-PHE,,,ki,=,40.0,nM,-7.3979400086720375,MOAD,Ki=40.0nM
2euk,GAL-NER,,,kd,=,0.25,uM,-6.6020599913279625,MOAD,Kd=0.25uM
2eum,BGC-OCA,,,kd,=,0.2,uM,-6.698970004336019,MOAD,Kd=0.2uM
2evl,GAL-EIC,,,kd,=,0.2,uM,-6.698970004336019,MOAD,Kd=0.2uM
2f5t,GLC-GLC,,,kd,=,6.8,uM,-5.167491087293763,MOAD,Kd=6.8uM
2ff4,SER-THR,,,kd,=,185.0,uM,-3.7328282715969863,MOAD,Kd=185.0uM
2fgu,QNC-NTB,,,kd,=,0.66,nM,-9.18045606445813,MOAD,Kd=0.66nM
2fgv,QNC-NTB,,,kd,=,760.0,nM,-6.119186407719209,MOAD,Kd=760.0nM
2gfa,ALA-SER,,,kd,=,10.4,uM,-4.982966660701219,MOAD,Kd=10.4uM
2ggu,GLC-GLC,,,ic50,=,0.94,mM,-3.0268721464003012,MOAD,ic50=0.94mM
2gh9,GLC-GLC,,,kd,=,1.0,uM,-6.0,MOAD,Kd=1.0uM
2gj8,ALF-GDP,,,kd,=,0.92,uM,-6.036212172654444,MOAD,Kd=0.92uM
2gv2,ACE-LEU,,,ic50,=,5.0,nM,-8.301029995663981,MOAD,ic50=5.0nM
2h13,ALA-SER,,,kd,=,4.5,uM,-5.346787486224656,MOAD,Kd=4.5uM
2h6k,ALA-LYS,,,kd,=,8.7,uM,-5.060480747381382,MOAD,Kd=8.7uM
2h6n,ALA-LYS,,,kd,=,1.02,uM,-5.991399828238082,MOAD,Kd=1.02uM
2h6q,ALA-LYS,,,kd,=,7.8,uM,-5.107905397309519,MOAD,Kd=7.8uM
2h6t,IVA-STA,,,ki,=,60.0,nM,-7.221848749616356,MOAD,Ki=60.0nM
2hl3,GLU-TYR,,,kd,=,0.17,uM,-6.769551078621726,MOAD,Kd=0.17uM
2hn7,ALA-LYS,,,ic50,=,31.0,nM,-7.508638306165727,MOAD,ic50=31.0nM
2ho2,PRO-LEU,,,kd,=,116.0,uM,-3.9355420107730814,MOAD,Kd=116.0uM
2hyq,MAN-MAN,,,kd,=,88.3,uM,-4.054039296422431,MOAD,Kd=88.3uM
2hyr,BGC-GLC,,,kd,=,394.0,uM,-3.404503778174426,MOAD,Kd=394.0uM
2i3h,ALA-TRP,,,ki,=,0.04,uM,-7.3979400086720375,MOAD,Ki=0.04uM
2i74,MAN-MAN,,,kd,~,67.0,uM,-4.173925197299173,MOAD,Kd~67.0uM
2ifw,ACE-AAR,,,ki,=,0.12,nM,-9.920818753952375,MOAD,Ki=0.12nM
2itk,ACE-NH2,,,ki,=,20.4,nM,-7.690369832574101,MOAD,Ki=20.4nM
2j1e,NDG-GAL,,,kd,=,0.009009009009009009,M,-2.0453229787866576,MOAD,Ka=111.0M^-1
2j1t,NAG-FUC,,,kd,=,0.001,M,-3.0,MOAD,Ka=1000.0M^-1
2j6o,LYS-VAL,,,kd,~,100.0,uM,-4.0,MOAD,Kd~100.0uM
2j7m,NDG-FUC,,,kd,=,0.0008333333333333334,M,-3.0791812460476247,MOAD,Ka=1200.0M^-1
2j9a,ALA-AHY,,,ic50,=,1.3,uM,-5.886056647693163,MOAD,ic50=1.3uM
2jdh,NAG-FUC,,,kd,=,310.0,nM,-6.508638306165727,MOAD,Kd=310.0nM
2jdk,NAG-FUC,,,kd,=,6.4e-08,M,-7.1938200260161125,MOAD,Kd=6.4e-08M
2jjb,3CU-GLC,,,ki,=,12.0,nM,-7.920818753952375,MOAD,Ki=12.0nM
2mip,PHE-NH2,,,ic50,<,3.5,nM,-8.455931955649724,MOAD,ic50<3.5nM
2msb,NAG-MAN,,,ki,=,1.3,mM,-2.886056647693163,MOAD,Ki=1.3mM
2nmn,BGC-GAL,,,kd,=,260.0,uM,-3.5850266520291822,MOAD,Kd=260.0uM
2nmo,BGC-GAL,,,kd,=,260.0,uM,-3.5850266520291822,MOAD,Kd=260.0uM
2nn8,BGC-GAL,,,kd,=,260.0,uM,-3.5850266520291822,MOAD,Kd=260.0uM
2nn8,GLC-GAL,,,kd,=,260.0,uM,-3.5850266520291822,MOAD,Kd=260.0uM
2ntb,ADA-ADA,,,ki,=,16.0,mM,-1.7958800173440752,MOAD,Ki=16.0mM
2nxd,GLY-ALA,,,kd,=,2.2,uM,-5.657577319177793,MOAD,Kd=2.2uM
2nxl,GLY-ALA,,,kd,=,0.54,uM,-6.267606240177032,MOAD,Kd=0.54uM
2nxm,GLY-ALA,,,kd,=,6.4,uM,-5.1938200260161125,MOAD,Kd=6.4uM
2o9r,SGC-BGC,,,ki,=,21.0,mM,-1.6777807052660807,MOAD,Ki=21.0mM
2o9v,VAL-SER,,,kd,=,288.0,uM,-3.540607512240769,MOAD,Kd=288.0uM
2oei,PRO-PRO,,,kd,=,124.0,uM,-3.906578314837765,MOAD,Kd=124.0uM
2ok0,DT-DC,,,kd,=,0.2,nM,-9.698970004336019,MOAD,Kd=0.2nM
2olb,LYS-LYS,,,kd,=,2900.0,nM,-5.537602002101044,MOAD,Kd=2900.0nM
2peh,LYS-PRO,,,kd,=,1.1,uM,-5.958607314841775,MOAD,Kd=1.1uM
2pel,BGC-GAL,,,ki,=,1.37,mM,-2.8632794328435933,MOAD,Ki=1.37mM
2pel,GLC-GAL,,,ki,=,1.37,mM,-2.8632794328435933,MOAD,Ki=1.37mM
2puy,ALA-SER,,,kd,~,30.0,uM,-4.522878745280337,MOAD,Kd~30.0uM
2pv1,TRP-VAL,,,kd,=,0.073,uM,-7.136677139879544,MOAD,Kd=0.073uM
2q3c,ASP-ILE,,,ki,=,5.0,uM,-5.301029995663981,MOAD,Ki=5.0uM
2q5a,ACE-NH2,,,ki,=,507.0,nM,-6.2949920406666635,MOAD,Ki=507.0nM
2q8y,GLN-ALA,,,kd,=,102.0,uM,-3.9913998282380825,MOAD,Kd=102.0uM
2qbw,PRO-VAL,,,kd,=,56.0,nM,-7.251811972993799,MOAD,Kd=56.0nM
2ql5,GLN-GLU,,,ki,=,8.0,nM,-8.096910013008056,MOAD,Ki=8.0nM
2ql7,GLN-GLU,,,ki,=,550.0,nM,-6.259637310505756,MOAD,Ki=550.0nM
2ql9,GLN-GLU,,,ki,=,0.94,nM,-9.0268721464003,MOAD,Ki=0.94nM
2qlb,GLN-GLU,,,ki,=,1300.0,nM,-5.886056647693163,MOAD,Ki=1300.0nM
2qmj,GLC-AC1,,,ki,=,62.0,uM,-4.207608310501746,MOAD,Ki=62.0uM
2qt5,ASN-VAL,,,kd,~,9.4,uM,-5.026872146400302,MOAD,Kd~9.4uM
2qzx,IVA-STA,,,ic50,=,6.0,nM,-8.221848749616356,MOAD,ic50=6.0nM
2r0h,NAG-NAG,,,kd,=,310.0,uM,-3.5086383061657274,MOAD,Kd=310.0uM
2r0z,ALA-ASP,,,kd,=,3400.0,nM,-5.468521082957745,MOAD,Kd=3400.0nM
2r1w,KDA-KDB,,,kd,=,25.0,uM,-4.6020599913279625,MOAD,Kd=25.0uM
2r1x,KDA-KDD,,,kd,=,16.0,uM,-4.795880017344075,MOAD,Kd=16.0uM
2r1y,KDR-KDO,,,kd,=,31.0,uM,-4.508638306165727,MOAD,Kd=31.0uM
2r23,KDA-KO1,,,kd,=,190.0,uM,-3.721246399047171,MOAD,Kd=190.0uM
2r3y,ASP-PHE,,,kd,=,6.5,uM,-5.187086643357144,MOAD,Kd=6.5uM
2rdg,NDG-SIA,,,kd,=,0.72,uM,-6.142667503568732,MOAD,Kd=0.72uM
2rfy,BGC-BGC,,,kd,~,6.0,uM,-5.221848749616356,MOAD,Kd~6.0uM
2ri9,MMA-LDY,,,ki,=,0.6,mM,-3.221848749616356,MOAD,Ki=0.6mM
2rkm,LYS-LYS,,,ki,=,125.0,uM,-3.9030899869919438,MOAD,Ki=125.0uM
2tpi,ILE-VAL,,,kd,=,49.0,uM,-4.309803919971486,MOAD,Kd=49.0uM
2uue,ARG-GVC,,,ic50,=,1.3,uM,-5.886056647693163,MOAD,ic50=1.3uM
2uvh,ADA-ADA,,,kd,=,84.4,uM,-4.073657553374344,MOAD,Kd=84.4uM
2uvi,ADA-AQA,,,kd,=,310.5,uM,-3.507938395487401,MOAD,Kd=310.5uM
2uvj,ADA-ADA,,,kd,=,5.3,uM,-5.275724130399211,MOAD,Kd=5.3uM
2v2w,SER-LEU,,,kd,=,2.2,uM,-5.657577319177793,MOAD,Kd=2.2uM
2v2x,SER-LEU,,,kd,=,5.2,uM,-5.2839966563652006,MOAD,Kd=5.2uM
2v7d,LYS-PRO,,,kd,=,261.0,nM,-6.583359492661719,MOAD,Kd=261.0nM
2v83,ALA-LYS,,,kd,=,33.8,uM,-4.471083299722345,MOAD,Kd=33.8uM
2v86,ALA-ALA,,,kd,=,34.6,uM,-4.460923901207224,MOAD,Kd=34.6uM
2v88,ALA-ALA,,,kd,=,82.1,uM,-4.085656842880559,MOAD,Kd=82.1uM
2v89,ALA-ALA,,,kd,=,4.15,uM,-5.3819519032879075,MOAD,Kd=4.15uM
2v8l,GLC-GLC,,,kd,=,5.1,uM,-5.292429823902063,MOAD,Kd=5.1uM
2vco,NAG-MAN,,,kd,=,20.0,nM,-7.698970004336019,MOAD,Kd=20.0nM
2vj0,PHE-PRO,,,kd,=,21.0,uM,-4.6777807052660805,MOAD,Kd=21.0uM
2vl1,GLY-GLY,,,ki,=,45.0,mM,-1.3467874862246563,MOAD,Ki=45.0mM
2vnf,ALA-SER,,,kd,=,3.0,uM,-5.522878745280337,MOAD,Kd=3.0uM
2vpe,ALA-ALA,,,kd,=,11.4,uM,-4.943095148663527,MOAD,Kd=11.4uM
2vsl,MAA-PHE,,,ki,=,4.0,nM,-8.397940008672037,MOAD,Ki=4.0nM
2vuz,NAG-NAG,,,kd,=,0.432,uM,-6.364516253185088,MOAD,Kd=0.432uM
2w1u,NGA-NAG,,,kd,=,0.00016920473773265651,M,-3.7715874808812555,MOAD,Ka=5910.0M^-1
2w3o,TYR-ASN,,,kd,=,0.19,uM,-6.721246399047171,MOAD,Kd=0.19uM
2w68,BGC-SIA,,,kd,=,18.0,uM,-4.7447274948966935,MOAD,Kd=18.0uM
2w7y,GAL-A2G,,,kd,=,8.333333333333333e-07,M,-6.079181246047625,MOAD,Ka=1200000.0M^-1
2wa8,PHE-THR,,,kd,=,3.8,uM,-5.42021640338319,MOAD,Kd=3.8uM
2wdb,MAN-NAG,,,kd,=,0.0001272264631043257,M,-3.895422546039408,MOAD,Ka=7860.0M^-1
2wev,ACE-NH2,,,ic50,=,30.0,uM,-4.522878745280337,MOAD,ic50=30.0uM
2wgc,BGC-SIA,,,kd,=,3.6,mM,-2.4436974992327127,MOAD,Kd=3.6mM
2wk2,SN5-SN5,,,ki,=,0.15,uM,-6.823908740944319,MOAD,Ki=0.15uM
2wly,SN5-NGT,,,ki,=,30.0,uM,-4.522878745280337,MOAD,Ki=30.0uM
2wm0,NAG-NAG,,,ki,=,0.25,uM,-6.6020599913279625,MOAD,Ki=0.25uM
2wn2,NGA-GAL,,,kd,=,27.2,uM,-4.565431095965801,MOAD,Kd=27.2uM
2wn2,A2G-GAL,,,kd,=,27.2,uM,-4.565431095965801,MOAD,Kd=27.2uM
2wn3,GAL-NGA,,,kd,=,49.4,uM,-4.306273051076353,MOAD,Kd=49.4uM
2wr9,MAN-MAN,,,kd,=,2.6,uM,-5.585026652029182,MOAD,Kd=2.6uM
2wra,MAN-MAN,,,kd,=,26.9,uM,-4.570247719997592,MOAD,Kd=26.9uM
2wsv,GLC-GAL,,,kd,~,100.0,mM,-1.0,MOAD,Kd~100.0mM
2wt0,NAG-GAL,,,kd,~,10.0,mM,-2.0,MOAD,Kd~10.0mM
2wt1,BGC-GAL,,,kd,=,200.0,uM,-3.6989700043360187,MOAD,Kd=200.0uM
2wt2,NAG-GAL,,,kd,=,20.0,uM,-4.698970004336019,MOAD,Kd=20.0uM
2wyf,MBG-GLA,,,kd,=,37.0,uM,-4.431798275933005,MOAD,Kd=37.0uM
2wyn,LG9-GLC,,,ki,=,2.8,uM,-5.552841968657781,MOAD,Ki=2.8uM
2x4t,ASN-VAL,,,ic50,=,7.33,uM,-5.134896025358872,MOAD,ic50=7.33uM
2xd3,GLC-GLC,,,kd,=,1.2048192771084337e-05,M,-4.919078092376074,MOAD,Ka=83000.0M^-1
2xfe,GAL-GAL,,,kd,=,7.462686567164179e-05,M,-4.127104798364807,MOAD,Ka=13400.0M^-1
2xg3,NAG-UNU,,,kd,=,18.2,uM,-4.739928612014925,MOAD,Kd=18.2uM
2xg9,NOJ-GLC,,,ki,=,70.0,uM,-4.154901959985743,MOAD,Ki=70.0uM
2xjs,MAN-MAN,,,kd,=,3.5,mM,-2.4559319556497243,MOAD,Kd=3.5mM
2xju,MAN-MAN,,,kd,=,1.6,mM,-2.795880017344075,MOAD,Kd=1.6mM
2xom,GAL-GAL,,,kd,=,1e-05,M,-5.0,MOAD,Ka=100000.0M^-1
2xon,GAL-GAL,,,kd,=,1e-05,M,-5.0,MOAD,Ka=100000.0M^-1
2xqq,SAC-GLU,,,kd,=,15.2,uM,-4.818156412055227,MOAD,Kd=15.2uM
2y4s,GLC-GLC,,,kd,=,0.7,uM,-6.154901959985743,MOAD,Kd=0.7uM
2y64,XYP-XYP,,,kd,=,1.68,uM,-5.774690718274137,MOAD,Kd=1.68uM
2y6g,BGC-BGC,,,kd,~,1.0,mM,-3.0,MOAD,Kd~1.0mM
2y6l,XYP-XYP,,,kd,=,43.0,uM,-4.366531544420413,MOAD,Kd=43.0uM
2yfz,BGC-GAL,,,kd,=,0.565,uM,-6.247951552180561,MOAD,Kd=0.565uM
2yg0,BMA-GLA,,,kd,=,3.44,mM,-2.46344155742847,MOAD,Kd=3.44mM
2ygm,NAG-GLA,,,kd,=,1.4492753623188405e-05,M,-4.838849090737256,MOAD,Ka=69000.0M^-1
2yjq,BGC-BGC,,,ki,=,5.2,uM,-5.2839966563652006,MOAD,Ki=5.2uM
2ymz,BGC-GAL,,,kd,=,0.00016666666666666666,M,-3.778151250383644,MOAD,Ka=6000.0M^-1
2z8d,NAG-GAL,,,kd,=,86.9,nM,-7.060980223551334,MOAD,Kd=86.9nM
2z8e,NGA-GAL,,,kd,=,1.026694045174538e-08,M,-7.988558956878616,MOAD,Ka=97400000.0M^-1
2z8f,BGC-GAL,,,kd,=,11.0,uM,-4.958607314841775,MOAD,Kd=11.0uM
2zex,BGC-BGC,,,kd,=,406.0,uM,-3.3914739664228057,MOAD,Kd=406.0uM
2zey,BMA-BMA,,,kd,=,153.0,uM,-3.815308569182401,MOAD,Kd=153.0uM
2zhk,NAG-GAL,,,kd,=,3.0,uM,-5.522878745280337,MOAD,Kd=3.0uM
2zhl,NAG-GAL,,,kd,=,3.0,uM,-5.522878745280337,MOAD,Kd=3.0uM
2zq0,GLC-AC1,,,ki,=,0.15,uM,-6.823908740944319,MOAD,Ki=0.15uM
2zyk,GLC-GLC,,,kd,=,0.23,uM,-6.638272163982407,MOAD,Kd=0.23uM
3ach,BGC-BGC,,,kd,=,14.3,uM,-4.844663962534938,MOAD,Kd=14.3uM
3aci,BGC-BGC,,,kd,=,19.2,uM,-4.71669877129645,MOAD,Kd=19.2uM
3afk,A2G-GAL,,,kd,=,251.89,uM,-3.5987890735936894,MOAD,Kd=251.89uM
3al3,SER-ASP,,,kd,=,2.1,uM,-5.6777807052660805,MOAD,Kd=2.1uM
3alt,GLC-GLA,,,kd,=,0.0030303030303030303,M,-2.5185139398778875,MOAD,Ka=330.0M^-1
3atw,ACE-HSV,,,ic50,=,98.0,nM,-7.008773924307505,MOAD,ic50=98.0nM
3av9,SER-ASP,,,ic50,=,435.0,uM,-3.3615107430453626,MOAD,ic50=435.0uM
3ava,ALA-ASP,,,ic50,=,39.7,uM,-4.401209493236885,MOAD,ic50=39.7uM
3avb,SER-ASP,,,ic50,=,85.2,uM,-4.0695604052333,MOAD,ic50=85.2uM
3avf,ASP-ASP,,,ic50,=,295.0,uM,-3.530177984021837,MOAD,ic50=295.0uM
3avl,ALA-ASP,,,ic50,=,65.8,uM,-4.181774106386045,MOAD,ic50=65.8uM
3avz,ACE-HSV,,,ic50,=,65.0,nM,-7.187086643357144,MOAD,ic50=65.0nM
3aw0,ACE-HSV,,,ic50,=,5.7,uM,-5.2441251443275085,MOAD,ic50=5.7uM
3ayc,BGC-GAL,,,kd,=,57.0,uM,-4.2441251443275085,MOAD,Kd=57.0uM
3ayd,A2G-GAL,,,kd,=,65.0,uM,-4.187086643357144,MOAD,Kd=65.0uM
3b9a,NAG-NAG,,,kd,=,0.09,uM,-7.045757490560675,MOAD,Kd=0.09uM
3bgm,ARG-VAL,,,ic50,=,38.5,nM,-7.414539270491499,MOAD,ic50=38.5nM
3bh8,ARG-MET,,,ic50,=,11.2,nM,-7.950781977329818,MOAD,ic50=11.2nM
3bh9,ARG-VAL,,,ic50,=,116.9,nM,-6.93218548883816,MOAD,ic50=116.9nM
3bhb,LYS-LEU,,,ic50,=,3.4,nM,-8.468521082957745,MOAD,ic50=3.4nM
3boo,ACE-LEU,,,ki,=,1.9,uM,-5.721246399047171,MOAD,Ki=1.9uM
3bpc,KDA-KDB,,,kd,=,16.0,uM,-4.795880017344075,MOAD,Kd=16.0uM
3bv9,DAR-NH2,,,ki,=,4.4,uM,-5.356547323513812,MOAD,Ki=4.4uM
3bwr,BGC-GAL,,,kd,~,3.0,mM,-2.5228787452803374,MOAD,Kd~3.0mM
3bzi,LEU-LEU,,,kd,=,1.8,uM,-5.7447274948966935,MOAD,Kd=1.8uM
3c88,ARG-NH2,,,ki,=,157.0,nM,-6.804100347590767,MOAD,Ki=157.0nM
3c89,ARG-NH2,,,ki,=,845.0,nM,-6.073143291050307,MOAD,Ki=845.0nM
3c8a,ARG-NH2,,,ki,=,660.0,nM,-6.180456064458131,MOAD,Ki=660.0nM
3c8b,ARG-NH2,,,ki,=,786.0,nM,-6.104577453960593,MOAD,Ki=786.0nM
3c9e,BDP-ASG,,,kd,~,12.0,nM,-7.920818753952375,MOAD,Kd~12.0nM
3ch8,PRO-VAL,,,kd,=,56.0,nM,-7.251811972993799,MOAD,Kd=56.0nM
3che,ACE-ASP,,,ic50,=,5.1,uM,-5.292429823902063,MOAD,ic50=5.1uM
3chf,ACE-ASP,,,ic50,=,4.3,uM,-5.366531544420414,MOAD,ic50=4.3uM
3cyy,ARG-ILE,,,kd,=,16.8,uM,-4.774690718274137,MOAD,Kd=16.8uM
3d25,VAL-ALA,,,ic50,=,22.0,nM,-7.657577319177793,MOAD,ic50=22.0nM
3d3x,ARG-NH2,,,ki,=,69.0,uM,-4.161150909262744,MOAD,Ki=69.0uM
3d9t,ALA-GLU,,,kd,=,48.0,nM,-7.318758762624412,MOAD,Kd=48.0nM
3d9u,ALA-GLN,,,kd,=,85.0,nM,-7.070581074285707,MOAD,Kd=85.0nM
3db3,THR-THR,,,kd,=,211.0,uM,-3.6757175447023074,MOAD,Kd=211.0uM
3dda,GLN-NH2,,,ic50,=,132.9,uM,-3.876475019057268,MOAD,ic50=132.9uM
3ddb,ARG-NH2,,,ic50,=,94.9,uM,-4.022733787572707,MOAD,ic50=94.9uM
3diw,ASN-LEU,,,kd,=,0.19,uM,-6.721246399047171,MOAD,Kd=0.19uM
3dpc,HIS-ASP,,,kd,=,44.0,uM,-4.356547323513812,MOAD,Kd=44.0uM
3drg,ARG-ALA,,,kd,=,0.1,uM,-7.0,MOAD,Kd=0.1uM
3dwq,NGA-AZI,,,ki,~,2.0,mM,-2.6989700043360187,MOAD,Ki~2.0mM
3e7a,ACB-MDH,,,ic50,=,0.1,nM,-10.0,MOAD,ic50=0.1nM
3ebb,THR-GLY,,,kd,=,5.0,uM,-5.301029995663981,MOAD,Kd=5.0uM
3er5,PRO-LYS,,,ki,=,1.0,nM,-9.0,MOAD,Ki=1.0nM
3eys,PCA-SER,,,kd,=,3000.0,nM,-5.522878745280337,MOAD,Kd=3000.0nM
3f5j,BGC-BGC,,,ki,=,0.052,mM,-4.2839966563652006,MOAD,Ki=0.052mM
3f5k,BGC-BGC,,,ki,=,0.024,mM,-4.619788758288394,MOAD,Ki=0.024mM
3f5l,BGC-BGC,,,ki,=,0.191,mM,-3.7189666327522723,MOAD,Ki=0.191mM
3f5o,UOC-COA,,,ki,=,3.0,uM,-5.522878745280337,MOAD,Ki=3.0uM
3f9w,ALA-ASP,,,kd,=,19.0,uM,-4.721246399047171,MOAD,Kd=19.0uM
3f9y,ALA-ASP,,,kd,=,32.0,uM,-4.494850021680094,MOAD,Kd=32.0uM
3fe7,ACE-NH2,,,kd,=,75.0,nM,-7.1249387366083,MOAD,Kd=75.0nM
3fea,ACE-NH2,,,kd,=,36.0,nM,-7.443697499232712,MOAD,Kd=36.0nM
3fn0,TRP-LYS,,,kd,~,40.0,uM,-4.3979400086720375,MOAD,Kd~40.0uM
3ft2,VAL-ALA,,,ic50,=,44.0,nM,-7.356547323513812,MOAD,ic50=44.0nM
3ft3,VAL-ALA,,,ic50,=,44.0,nM,-7.356547323513812,MOAD,ic50=44.0nM
3ft4,VAL-ALA,,,ic50,=,1171.0,nM,-5.931443104927637,MOAD,ic50=1171.0nM
3fv3,IVA-STA,,,ki,=,0.3,nM,-9.522878745280337,MOAD,Ki=0.3nM
3fvh,ACE-NH2,,,kd,=,0.447,uM,-6.349692476868063,MOAD,Kd=0.447uM
3fwv,ACE-PHE,,,kd,=,2.3,uM,-5.638272163982407,MOAD,Kd=2.3uM
3gjf,SER-VAL,,,kd,=,46.0,nM,-7.337242168318426,MOAD,Kd=46.0nM
3gl6,ALA-LYS,,,kd,=,0.75,uM,-6.1249387366083,MOAD,Kd=0.75uM
3gso,ASN-VAL,,,kd,=,27.7,uM,-4.557520230935552,MOAD,Kd=27.7uM
3gsr,ASN-VAL,,,kd,=,60.2,uM,-4.220403508742176,MOAD,Kd=60.2uM
3gss,GSH-EAA,,,ki,=,1.5,uM,-5.823908740944319,MOAD,Ki=1.5uM
3gsu,ASN-VAL,,,kd,=,58.2,uM,-4.235077015350111,MOAD,Kd=58.2uM
3gsv,ASN-VAL,,,kd,=,57.5,uM,-4.2403321553103694,MOAD,Kd=57.5uM
3gxz,NAG-MAN,,,kd,=,13.0,nM,-7.886056647693163,MOAD,Kd=13.0nM
3h7b,MET-VAL,,,kd,=,41.0,uM,-4.3872161432802645,MOAD,Kd=41.0uM
3h9h,MET-VAL,,,kd,=,5.4,uM,-5.267606240177032,MOAD,Kd=5.4uM
3hik,ACE-TPO,,,kd,=,0.445,uM,-6.351639989019068,MOAD,Kd=0.445uM
3hkn,Z3K-Z3L,,,ki,=,4.51,uM,-5.345823458122039,MOAD,Ki=4.51uM
3hp8,GLC-FRU,,,kd,=,7.3,mM,-2.136677139879544,MOAD,Kd=7.3mM
3hpi,GLC-FRU,,,kd,=,6.6,uM,-5.180456064458132,MOAD,Kd=6.6uM
3hzk,KDA-KDO,,,kd,=,0.3,M,-0.5228787452803376,MOAD,Kd=0.3M
3hzy,KDA-KDO,,,kd,=,6.4e-08,M,-7.1938200260161125,MOAD,Kd=6.4e-08M
3i8t,GLC-GAL,,,kd,=,600.0,uM,-3.2218487496163566,MOAD,Kd=600.0uM
3iet,GLY-A2G,,,kd,=,0.14,uM,-6.853871964321762,MOAD,Kd=0.14uM
3iqg,MET-ILE,,,kd,=,24.9,uM,-4.603800652904264,MOAD,Kd=24.9uM
3iqh,MET-ILE,,,kd,=,25.8,uM,-4.58838029403677,MOAD,Kd=25.8uM
3iqi,MET-ILE,,,kd,=,38.7,uM,-4.412289034981089,MOAD,Kd=38.7uM
3iqj,GLN-HIS,,,kd,=,7.5,uM,-5.1249387366083,MOAD,Kd=7.5uM
3ivv,ASP-SER,,,kd,=,3.7,uM,-5.431798275933005,MOAD,Kd=3.7uM
3ixa,LEU-VAL,,,kd,=,9.8,uM,-5.008773924307505,MOAD,Kd=9.8uM
3jvk,GLY-GLN,,,kd,=,118.0,uM,-3.9281179926938745,MOAD,Kd=118.0uM
3jyr,GLC-AC1,,,kd,=,2.9,uM,-5.537602002101044,MOAD,Kd=2.9uM
3jzj,GLC-AC1,,,kd,=,248.0,uM,-3.6055483191737836,MOAD,Kd=248.0uM
3k00,GLC-GLC,,,kd,=,1.7,uM,-5.769551078621726,MOAD,Kd=1.7uM
3k05,SEP-NH2,,,ki,=,51.0,uM,-4.292429823902063,MOAD,Ki=51.0uM
3kla,SER-LEU,,,kd,=,31.1,uM,-4.507239610973162,MOAD,Kd=31.1uM
3kyf,5GP-5GP,,,kd,=,165.0,nM,-6.782516055786093,MOAD,Kd=165.0nM
3kyg,5GP-5GP,,,kd,=,55.1,nM,-7.2588484011482155,MOAD,Kd=55.1nM
3lex,LEU-NH2,,,kd,=,6.44,nM,-8.191114132640188,MOAD,Kd=6.44nM
3ll2,MAN-MAN,,,kd,=,0.51,uM,-6.292429823902063,MOAD,Kd=0.51uM
3llz,NGA-GAL,,,kd,=,16.0,uM,-4.795880017344075,MOAD,Kd=16.0uM
3lqi,ALA-LYS,,,kd,=,6.9,uM,-5.161150909262744,MOAD,Kd=6.9uM
3lqj,ALA-LYS,,,kd,=,4.3,uM,-5.366531544420414,MOAD,Kd=4.3uM
3lsj,PLM-COA,,,kd,=,2.06,uM,-5.686132779630847,MOAD,Kd=2.06uM
3lw1,PHE-ASP,,,kd,=,16.3,uM,-4.787812395596042,MOAD,Kd=16.3uM
3m3c,A2G-GAL,,,kd,=,86.21,uM,-4.064442354906986,MOAD,Kd=86.21uM
3m3e,A2G-GAL,,,kd,=,37.45,uM,-4.426548177964515,MOAD,Kd=37.45uM
3m3o,A2G-GAL,,,kd,=,250.63,uM,-3.600966945893102,MOAD,Kd=250.63uM
3m3r,GLC-GLC,,,kd,=,6.4e-08,M,-7.1938200260161125,MOAD,Kd=6.4e-08M
3mbp,GLC-GLC,,,ki,=,0.16,uM,-6.795880017344075,MOAD,Ki=0.16uM
3muk,ALA-SER,,,kd,=,380.0,uM,-3.42021640338319,MOAD,Kd=380.0uM
3mxc,GLN-TYR,,,kd,=,286.1,nM,-6.543482142194737,MOAD,Kd=286.1nM
3mxy,GLN-TYR,,,kd,=,384.8,nM,-6.414764936634224,MOAD,Kd=384.8nM
3n0i,BGC-SIA,,,kd,=,19.0,uM,-4.721246399047171,MOAD,Kd=19.0uM
3n7y,PTR-011,,,kd,=,1e-07,M,-7.0,MOAD,Ka=10000000.0M^-1
3n8m,6NA-9PR,,,kd,=,1.5384615384615385e-07,M,-6.812913356642856,MOAD,Ka=6500000.0M^-1
3nf3,ARG-ALA,,,ki,=,638.1,nM,-6.195111255377609,MOAD,Ki=638.1nM
3nik,ARG-ALA,,,kd,=,358.8,uM,-3.4451475656279453,MOAD,Kd=358.8uM
3nim,ARG-ALA,,,kd,=,17.7,uM,-4.752026733638194,MOAD,Kd=17.7uM
3nkx,GLN-HIS,,,kd,=,7.5,uM,-5.1249387366083,MOAD,Kd=7.5uM
3nw3,DGN-LAC,,,kd,=,0.32,uM,-6.494850021680094,MOAD,Kd=0.32uM
3ny3,ARG-SER,,,kd,=,1.926782273603083e-05,M,-4.715167357848458,MOAD,Ka=51900.0M^-1
3nzw,BOC-ABN,,,ic50,=,1.5,uM,-5.823908740944319,MOAD,ic50=1.5uM
3o0w,MAN-GLC,,,kd,=,0.7,uM,-6.154901959985743,MOAD,Kd=0.7uM
3o0x,MAN-GLC,,,kd,=,0.7,uM,-6.154901959985743,MOAD,Kd=0.7uM
3o6m,PRO-PRO,,,kd,=,33.0,nM,-7.481486060122112,MOAD,Kd=33.0nM
3obq,PRO-LEU,,,kd,=,290.0,uM,-3.537602002101044,MOAD,Kd=290.0uM
3obu,PRO-GLU,,,kd,=,50.0,uM,-4.301029995663981,MOAD,Kd=50.0uM
3obx,PRO-GLU,,,kd,=,130.0,uM,-3.886056647693163,MOAD,Kd=130.0uM
3oea,GLC-BGC,,,kd,=,2.4021138601969734e-06,M,-5.619406410886778,MOAD,Ka=416300.0M^-1
3oeb,MAN-BMA,,,kd,=,0.00015384615384615385,M,-3.8129133566428557,MOAD,Ka=6500.0M^-1
3old,GLC-GLC,,,ki,=,1.2549,uM,-5.901390880699707,MOAD,Ki=1.2549uM
3ole,GLC-ACI,,,ki,=,0.0147,uM,-7.8326826652518236,MOAD,Ki=0.0147uM
3olg,BGC-HSD,,,ki,=,0.0143,uM,-7.844663962534938,MOAD,Ki=0.0143uM
3oli,GLC-HSD,,,ki,=,0.0416,uM,-7.380906669373257,MOAD,Ki=0.0416uM
3ov1,ACT-NH2,,,kd,=,6.25e-06,M,-5.204119982655925,MOAD,Ka=160000.0M^-1
3ove,ACT-NH2,,,kd,=,2.702702702702703e-07,M,-6.568201724066995,MOAD,Ka=3700000.0M^-1
3oy8,GCO-GAL,,,kd,=,220.0,uM,-3.657577319177794,MOAD,Kd=220.0uM
3oyw,YIO-GAL,,,kd,=,78.0,uM,-4.107905397309519,MOAD,Kd=78.0uM
3p36,ACE-NH2,,,kd,=,2.14,uM,-5.669586226650809,MOAD,Kd=2.14uM
3p9l,SER-LEU,,,kd,~,5.5,uM,-5.259637310505756,MOAD,Kd~5.5uM
3p9m,SER-LEU,,,kd,=,10.0,uM,-5.0,MOAD,Kd=10.0uM
3pab,GLU-LEU,,,kd,=,20.0,uM,-4.698970004336019,MOAD,Kd=20.0uM
3pwj,LEU-VAL,,,kd,=,70.0,uM,-4.154901959985743,MOAD,Kd=70.0uM
3pwl,LEU-ILE,,,kd,=,140.0,uM,-3.853871964321762,MOAD,Kd=140.0uM
3pwn,LEU-ILE,,,kd,=,48.0,uM,-4.318758762624412,MOAD,Kd=48.0uM
3q8d,TYR-PHE,,,kd,=,0.34,uM,-6.468521082957745,MOAD,Kd=0.34uM
3qfd,ALA-VAL,,,kd,=,68.0,uM,-4.167491087293763,MOAD,Kd=68.0uM
3qg6,TYR-MET,,,ic50,=,0.73,nM,-9.136677139879545,MOAD,ic50=0.73nM
3qzs,LYS-VAL,,,kd,=,99.0,uM,-4.00436480540245,MOAD,Kd=99.0uM
3r42,GLN-TYR,,,kd,=,84.0,uM,-4.075720713938118,MOAD,Kd=84.0uM
3rew,CYS-VAL,,,kd,=,28.8,uM,-4.540607512240769,MOAD,Kd=28.8uM
3rq7,ACE-NH2,,,ic50,=,0.017,uM,-7.769551078621726,MOAD,ic50=0.017uM
3rul,HGM-M12,,,kd,=,0.14,uM,-6.853871964321762,MOAD,Kd=0.14uM
3run,MLU-RER,,,kd,=,3.6,uM,-5.443697499232712,MOAD,Kd=3.6uM
3rwc,ILE-TRP,,,ic50,=,7.6,nM,-8.119186407719209,MOAD,ic50=7.6nM
3rwe,PHE-TRP,,,ic50,=,43.0,nM,-7.366531544420413,MOAD,ic50=43.0nM
3rwg,MET-TRP,,,ic50,=,2.8,nM,-8.55284196865778,MOAD,ic50=2.8nM
3rwi,GLY-TRP,,,ic50,=,116.0,nM,-6.935542010773082,MOAD,ic50=116.0nM
3ryb,SER-SER,,,kd,=,4.2,uM,-5.376750709602099,MOAD,Kd=4.2uM
3s8l,ACE-NH2,,,kd,=,2.325581395348837e-06,M,-5.633468455579586,MOAD,Ka=430000.0M^-1
3s8n,ACE-NH2,,,kd,=,6.211180124223603e-07,M,-6.20682587603185,MOAD,Ka=1610000.0M^-1
3s8o,ACE-NH2,,,kd,=,1.4367816091954023e-07,M,-6.842609239610562,MOAD,Ka=6960000.0M^-1
3sm1,IVA-STA,,,ki,=,1442.0,nM,-5.84103473961659,MOAD,Ki=1442.0nM
3sou,ALA-LYS,,,kd,=,2.5,uM,-5.6020599913279625,MOAD,Kd=2.5uM
3sow,ALA-LYS,,,kd,=,7.3,uM,-5.136677139879544,MOAD,Kd=7.3uM
3sp5,LYS-VAL,,,kd,=,0.56,uM,-6.251811972993799,MOAD,Kd=0.56uM
3tcg,LYS-GLU,,,kd,=,1.36,uM,-5.866461091629782,MOAD,Kd=1.36uM
3tjh,SER-ILE,,,kd,=,3.9,uM,-5.4089353929735005,MOAD,Kd=3.9uM
3tkz,ARG-ARG,,,kd,=,1.2,uM,-5.920818753952375,MOAD,Kd=1.2uM
3tl0,ARG-ARG,,,kd,=,0.26,uM,-6.585026652029182,MOAD,Kd=0.26uM
3u1i,BEZ-OAR,,,ki,=,5.6,uM,-5.251811972993799,MOAD,Ki=5.6uM
3u3z,SEP-PTR,,,kd,=,4.4,uM,-5.356547323513812,MOAD,Kd=4.4uM
3u4s,ALA-08P,,,ki,=,114.0,nM,-6.943095148663527,MOAD,Ki=114.0nM
3u8o,DPN-NH2,,,ki,=,0.92,uM,-6.036212172654444,MOAD,Ki=0.92uM
3u8r,DPN-NH2,,,ki,=,7.7,uM,-5.113509274827518,MOAD,Ki=7.7uM
3u8t,DPN-NH2,,,ki,=,16.5,uM,-4.782516055786093,MOAD,Ki=16.5uM
3uec,ALA-LYS,,,kd,=,61.7,uM,-4.209714835966758,MOAD,Kd=61.7uM
3unn,MET-ASP,,,kd,=,40.0,uM,-4.3979400086720375,MOAD,Kd=40.0uM
3upv,PRO-ASP,,,kd,=,5.0,uM,-5.301029995663981,MOAD,Kd=5.0uM
3uvm,GLY-ARG,,,kd,=,0.03,uM,-7.522878745280337,MOAD,Kd=0.03uM
3uw4,MAA-0DQ,,,ki,=,0.017,uM,-7.769551078621726,MOAD,Ki=0.017uM
3uw5,MAA-0DQ,,,ki,=,0.014,uM,-7.853871964321762,MOAD,Ki=0.014uM
3v0w,KDO-PA1,,,kd,=,32.0,nM,-7.494850021680094,MOAD,Kd=32.0nM
3vj6,ALA-LEU,,,kd,=,17.0,uM,-4.769551078621726,MOAD,Kd=17.0uM
3vtr,NAG-TMX,,,ki,=,2.714,uM,-5.566390156676282,MOAD,Ki=2.714uM
3vy6,BGC-BGC,,,kd,=,7.0,mM,-2.154901959985743,MOAD,Kd=7.0mM
3vyk,MMA-NAG,,,kd,=,2.3e-05,M,-4.638272163982407,MOAD,Kd=2.3e-05M
3vze,MAN-MAN,,,kd,=,13.0,mM,-1.8860566476931633,MOAD,Kd=13.0mM
3wel,GLC-AC1,,,ki,=,2.66,uM,-5.575118363368933,MOAD,Ki=2.66uM
3weo,GLC-AC1,,,ki,=,0.888,uM,-6.051587034221399,MOAD,Ki=0.888uM
3wol,VAL-TYR,,,ki,=,0.41,mM,-3.3872161432802645,MOAD,Ki=0.41mM
3wom,VAL-TYR,,,ki,=,0.41,mM,-3.3872161432802645,MOAD,Ki=0.41mM
3won,VAL-TYR,,,ki,=,0.41,mM,-3.3872161432802645,MOAD,Ki=0.41mM
3wqd,PLP-999,,,ki,=,0.114,mM,-3.9430951486635273,MOAD,Ki=0.114mM
3wqv,GCS-GCS,,,kd,=,6.2,uM,-5.207608310501746,MOAD,Kd=6.2uM
3wud,GLC-GAL,,,kd,=,41.0,uM,-4.3872161432802645,MOAD,Kd=41.0uM
3x00,ZOF-ZOF,,,kd,=,0.83,nM,-9.080921907623926,MOAD,Kd=0.83nM
3x00,ZOF-EDN,,,kd,=,0.83,nM,-9.080921907623926,MOAD,Kd=0.83nM
3zdv,MMA-F1A,,,kd,=,3.3,uM,-5.481486060122113,MOAD,Kd=3.3uM
3zkk,XYP-XYP,,,kd,=,6.4e-08,M,-7.1938200260161125,MOAD,Kd=6.4e-08M
3zkl,XYP-XYP,,,kd,=,6.4e-08,M,-7.1938200260161125,MOAD,Kd=6.4e-08M
3zq9,NOY-BGC,,,ki,=,0.95,uM,-6.022276394711152,MOAD,Ki=0.95uM
3zsj,BGC-GAL,,,kd,=,231.0,uM,-3.6363880201078556,MOAD,Kd=231.0uM
3zst,GLC-GLC,,,ic50,~,19.0,mM,-1.7212463990471711,MOAD,ic50~19.0mM
3zvy,ALA-ARG,,,kd,=,7.9,uM,-5.102372908709558,MOAD,Kd=7.9uM
3zw2,GLA-FUC,,,kd,=,26.1,uM,-4.583359492661719,MOAD,Kd=26.1uM
3zyb,GAL-PHB,,,kd,=,4.2,uM,-5.376750709602099,MOAD,Kd=4.2uM
3zyh,G0S-NH2,,,kd,=,51.5,uM,-4.288192770958809,MOAD,Kd=51.5uM
3zyr,NAG-NAG,,,kd,=,4.6,uM,-5.337242168318426,MOAD,Kd=4.6uM
4a3x,BGC-GAL,,,kd,=,31.9,uM,-4.496209316942819,MOAD,Kd=31.9uM
4a45,GAL-NGA,,,kd,=,294.0,uM,-3.5316526695878427,MOAD,Kd=294.0uM
4aa1,ASP-PHE,,,ki,=,76.0,uM,-4.119186407719209,MOAD,Ki=76.0uM
4ad2,GLC-IFM,,,kd,=,625.0,nM,-6.204119982655925,MOAD,Kd=625.0nM
4ad3,GLC-DMJ,,,kd,=,24.0,uM,-4.619788758288394,MOAD,Kd=24.0uM
4aif,SER-ASP,,,kd,=,18.6,uM,-4.730487055782084,MOAD,Kd=18.6uM
4al9,GLC-GLA,,,kd,=,38.8,uM,-4.411168274405792,MOAD,Kd=38.8uM
4aph,ASP-PHE,,,ki,=,4.0,uM,-5.3979400086720375,MOAD,Ki=4.0uM
4apo,ALA-GLU,,,kd,=,12.3,uM,-4.910094888560602,MOAD,Kd=12.3uM
4apr,IVA-PHE,,,ki,=,200.0,nM,-6.698970004336019,MOAD,Ki=200.0nM
4asl,NGA-GAL,,,kd,=,2.1,uM,-5.6777807052660805,MOAD,Kd=2.1uM
4ayp,Z5L-MAN,,,kd,=,755.0,nM,-6.1220530483708115,MOAD,Kd=755.0nM
4b3b,ACE-NH2,,,kd,=,250.0,uM,-3.6020599913279625,MOAD,Kd=250.0uM
4b4q,GLC-A2G,,,kd,=,1.76,uM,-5.7544873321858505,MOAD,Kd=1.76uM
4b9z,GLC-AC1,,,ki,=,81.4,uM,-4.089375595110798,MOAD,Ki=81.4uM
4bgx,GAL-SIA,,,kd,=,17.0,mM,-1.7695510786217261,MOAD,Kd=17.0mM
4bh0,GAL-SIA,,,kd,=,21.0,mM,-1.6777807052660807,MOAD,Kd=21.0mM
4bh0,NAG-SIA,,,kd,=,17.0,mM,-1.7695510786217261,MOAD,Kd=17.0mM
4bh1,NAG-SIA,,,kd,=,1.1,mM,-2.958607314841775,MOAD,Kd=1.1mM
4bh3,NAG-SIA,,,kd,=,12.0,mM,-1.9208187539523751,MOAD,Kd=12.0mM
4bh4,NAG-SIA,,,kd,=,32.0,mM,-1.494850021680094,MOAD,Kd=32.0mM
4bj0,BGC-XYS,,,kd,=,6.62251655629139e-06,M,-5.17897694729317,MOAD,Ka=151000.0M^-1
4bmb,BGC-GAL,,,kd,=,7.692307692307693e-05,M,-4.113943352306837,MOAD,Ka=13000.0M^-1
4bme,GLC-GAL,,,kd,=,7.692307692307693e-05,M,-4.113943352306837,MOAD,Ka=13000.0M^-1
4bt9,PRO-GLY,,,kd,=,143.5,uM,-3.843148098929989,MOAD,Kd=143.5uM
4btb,PRO-PRO,,,kd,=,9.8,uM,-5.008773924307505,MOAD,Kd=9.8uM
4c1t,XYP-AHR,,,kd,=,70.8,nM,-7.149966742310231,MOAD,Kd=70.8nM
4c1u,XYP-AHR,,,kd,=,81.0,nM,-7.0915149811213505,MOAD,Kd=81.0nM
4cd4,BMA-IFM,,,ki,=,263.0,nM,-6.580044251510242,MOAD,Ki=263.0nM
4cd5,BMA-MVL,,,ki,=,194.0,nM,-6.7121982700697735,MOAD,Ki=194.0nM
4cd6,IFM-BMA,,,ki,=,0.26,mM,-3.585026652029182,MOAD,Ki=0.26mM
4cd8,MVL-BMA,,,ki,=,1.3,mM,-2.886056647693163,MOAD,Ki=1.3mM
4cov,GAL-GLA,,,kd,=,4.4,uM,-5.356547323513812,MOAD,Kd=4.4uM
4cow,NGA-GAL,,,kd,=,5.15,uM,-5.288192770958809,MOAD,Kd=5.15uM
4coy,NAG-GAL,,,kd,=,9.42,uM,-5.025949097207123,MOAD,Kd=9.42uM
4coz,NAG-GAL,,,kd,=,14.82,uM,-4.82915179635669,MOAD,Kd=14.82uM
4cub,NAG-GAL,,,kd,=,251.0,uM,-3.600326278518962,MOAD,Kd=251.0uM
4d3w,NGA-GAL,,,kd,=,0.85,uM,-6.070581074285707,MOAD,Kd=0.85uM
4d4c,DMJ-MAN,,,ki,=,386.9,uM,-3.412401270278755,MOAD,Ki=386.9uM
4d4d,IFM-MAN,,,kd,=,1.12,uM,-5.950781977329818,MOAD,Kd=1.12uM
4d4u,NAG-FUC,,,kd,=,11.5,uM,-4.939302159646388,MOAD,Kd=11.5uM
4d4u,NDG-FUC,,,kd,=,91.9,uM,-4.036684488613888,MOAD,Kd=91.9uM
4d4u,GAL-FUC,,,kd,=,14.2,uM,-4.847711655616943,MOAD,Kd=14.2uM
4dfw,ACE-NH2,,,ic50,=,0.014,uM,-7.853871964321762,MOAD,ic50=0.014uM
4dv9,2OP-PLJ,,,ic50,=,189.0,nM,-6.723538195826755,MOAD,ic50=189.0nM
4dvf,QSC-PLJ,,,ic50,=,128.0,nM,-6.892790030352131,MOAD,ic50=128.0nM
4dxg,NDG-SIA,,,kd,=,87.0,nM,-7.060480747381382,MOAD,Kd=87.0nM
4ep2,ALA-GLY,,,kd,=,4.43,uM,-5.3535962737769305,MOAD,Kd=4.43uM
4eqj,ALA-GLY,,,kd,=,2.52,uM,-5.598599459218456,MOAD,Kd=2.52uM
4er2,IVA-STA,,,ki,=,0.5,nM,-9.301029995663981,MOAD,Ki=0.5nM
4er4,PRO-LYS,,,ki,=,160.0,nM,-6.795880017344075,MOAD,Ki=160.0nM
4exh,ACE-STA,,,ki,=,712.0,nM,-6.147520006363143,MOAD,Ki=712.0nM
4ezq,PRO-ASN,,,kd,=,6.3,uM,-5.200659450546418,MOAD,Kd=6.3uM
4ezr,SER-VAL,,,kd,=,6.3,uM,-5.200659450546418,MOAD,Kd=6.3uM
4ezt,PRO-ARG,,,kd,=,7.4,uM,-5.130768280269024,MOAD,Kd=7.4uM
4ezw,ASN-GLY,,,kd,=,1.0,uM,-6.0,MOAD,Kd=1.0uM
4ezx,ASN-GLY,,,kd,=,1.6,uM,-5.795880017344075,MOAD,Kd=1.6uM
4ezy,ASN-GLY,,,kd,=,2.26,uM,-5.645891560852599,MOAD,Kd=2.26uM
4ezz,GLU-ILE,,,kd,=,6.4,uM,-5.1938200260161125,MOAD,Kd=6.4uM
4fch,GLC-GLC,,,kd,=,134.2,uM,-3.8722474841670267,MOAD,Kd=134.2uM
4fem,GLC-GLC,,,kd,=,86.96,uM,-4.0606804689217615,MOAD,Kd=86.96uM
4fgx,2OP-ZAE,,,ic50,=,73.0,nM,-7.136677139879544,MOAD,ic50=73.0nM
4fys,VAL-PHE,,,kd,=,15.0,uM,-4.823908740944319,MOAD,Kd=15.0uM
4g68,XYS-XYP,,,kd,=,11.6,nM,-7.935542010773082,MOAD,Kd=11.6nM
4gk9,BMA-MAN,,,kd,=,47.0,uM,-4.327902142064282,MOAD,Kd=47.0uM
4gvu,6NA-VAL,,,ic50,=,30.0,nM,-7.522878745280337,MOAD,ic50=30.0nM
4gzf,ILO-NLE,,,ic50,=,4.4,nM,-8.356547323513812,MOAD,ic50=4.4nM
4gzw,NAG-SIA,,,kd,=,30.0,uM,-4.522878745280337,MOAD,Kd=30.0uM
4h39,PRO-PHE,,,kd,=,0.8,uM,-6.096910013008056,MOAD,Kd=0.8uM
4h3b,VAL-PRO,,,kd,=,17.2,uM,-4.764471553092451,MOAD,Kd=17.2uM
4hap,BGC-BGC,,,ki,=,1.4,mM,-2.853871964321762,MOAD,Ki=1.4mM
4hcz,SER-ARG,,,kd,=,36.0,uM,-4.443697499232712,MOAD,Kd=36.0uM
4hgw,KTU-KDO,,,kd,=,6.4e-08,M,-7.1938200260161125,MOAD,Kd=6.4e-08M
4hp0,NAG-NAG,,,kd,=,0.76,uM,-6.119186407719209,MOAD,Kd=0.76uM
4hpi,NAG-NAG,,,kd,=,14.2,uM,-4.847711655616943,MOAD,Kd=14.2uM
4hxj,ARG-THR,,,kd,~,74.3,uM,-4.129011186239425,MOAD,Kd~74.3uM
4iea,ARG-LEU,,,kd,=,346.0,nM,-6.460923901207224,MOAD,Kd=346.0nM
4ifi,ARG-SER,,,kd,=,3.34,uM,-5.476253533188435,MOAD,Kd=3.34uM
4igk,ALA-GLY,,,kd,=,28.2,uM,-4.549750891680639,MOAD,Kd=28.2uM
4ii9,UDP-A9Z,,,ic50,=,930.0,nM,-6.031517051446064,MOAD,ic50=930.0nM
4ikn,SER-LEU,,,kd,=,14.0,uM,-4.853871964321762,MOAD,Kd=14.0uM
4in9,SER-PRO,,,ki,=,10.7,uM,-4.97061622231479,MOAD,Ki=10.7uM
4j44,ALA-VAL,,,ki,=,1.87,uM,-5.7281583934635005,MOAD,Ki=1.87uM
4j45,ALA-ALA,,,ki,=,1.7,uM,-5.769551078621726,MOAD,Ki=1.7uM
4j46,ALA-ILE,,,ki,=,5.24,uM,-5.280668713016273,MOAD,Ki=5.24uM
4j47,SER-ILE,,,ki,=,12.02,uM,-4.92009553233328,MOAD,Ki=12.02uM
4j48,ALA-VAL,,,ki,=,2.41,uM,-5.617982957425132,MOAD,Ki=2.41uM
4jaw,NGT-GAL,,,ki,=,125.0,nM,-6.903089986991944,MOAD,Ki=125.0nM
4jaw,GAL-NGT,,,ki,=,125.0,nM,-6.903089986991944,MOAD,Ki=125.0nM
4jc1,YIO-GAL,,,kd,=,50.0,uM,-4.301029995663981,MOAD,Kd=50.0uM
4jck,TWJ-SDY,,,kd,=,4.3,mM,-2.3665315444204134,MOAD,Kd=4.3mM
4je8,MET-SER,,,kd,=,6100.0,nM,-5.214670164989233,MOAD,Kd=6100.0nM
4jfd,GLU-VAL,,,kd,=,36.0,uM,-4.443697499232712,MOAD,Kd=36.0uM
4jff,GLU-VAL,,,kd,=,600.0,pM,-9.221848749616356,MOAD,Kd=600.0pM
4jfo,ALA-VAL,,,kd,=,140.0,uM,-3.853871964321762,MOAD,Kd=140.0uM
4joe,ALA-ILE,,,ki,=,275.0,uM,-3.560667306169737,MOAD,Ki=275.0uM
4jof,ALA-ILE,,,ki,=,68.0,uM,-4.167491087293763,MOAD,Ki=68.0uM
4jog,ALA-ILE,,,ki,=,190.0,uM,-3.721246399047171,MOAD,Ki=190.0uM
4joh,ALA-ILE,,,ki,=,450.0,uM,-3.3467874862246565,MOAD,Ki=450.0uM
4joj,ALA-ILE,,,ki,=,110.0,uM,-3.958607314841775,MOAD,Ki=110.0uM
4jok,ALA-ILE,,,ki,=,85.3,uM,-4.069050968832477,MOAD,Ki=85.3uM
4jor,ARG-VAL,,,ki,=,490.0,uM,-3.309803919971486,MOAD,Ki=490.0uM
4k3l,ACE-PHE,,,ic50,=,1.1,mM,-2.958607314841775,MOAD,ic50=1.1mM
4k3m,ALA-PHE,,,kd,=,281.2,uM,-3.5509846836522136,MOAD,Kd=281.2uM
4k3o,ACE-PHE,,,kd,=,36.7,uM,-4.435333935747911,MOAD,Kd=36.7uM
4k3p,ACE-PHE,,,kd,=,1.6,uM,-5.795880017344075,MOAD,Kd=1.6uM
4k3q,ACE-PHE,,,kd,=,115.1,uM,-3.9389246763702084,MOAD,Kd=115.1uM
4k3r,ACE-ALA,,,kd,=,259.1,uM,-3.586532587014175,MOAD,Kd=259.1uM
4k6y,ALA-ILE,,,ki,=,14.8,uM,-4.8297382846050425,MOAD,Ki=14.8uM
4k75,ALA-LEU,,,ki,=,56.2,uM,-4.250263684430939,MOAD,Ki=56.2uM
4k76,ALA-LEU,,,ki,=,4.5,uM,-5.346787486224656,MOAD,Ki=4.5uM
4k78,ALA-LEU,,,ki,=,16.2,uM,-4.790484985457369,MOAD,Ki=16.2uM
4k79,A2G-GAL,,,kd,=,4.524886877828054e-05,M,-4.344392273685111,MOAD,Ka=22100.0M^-1
4l6t,BGC-GAL,,,kd,=,32.0,nM,-7.494850021680094,MOAD,Kd=32.0nM
4lbj,BGC-GAL,,,kd,=,0.39,uM,-6.4089353929735005,MOAD,Kd=0.39uM
4lbk,BGC-GAL,,,kd,=,0.32,uM,-6.494850021680094,MOAD,Kd=0.32uM
4lbl,BGC-SIA,,,kd,=,11.0,uM,-4.958607314841775,MOAD,Kd=11.0uM
4lbm,BGC-GAL,,,kd,=,0.97,uM,-6.013228265733755,MOAD,Kd=0.97uM
4lbn,GLC-GAL,,,kd,=,0.65,uM,-6.187086643357144,MOAD,Kd=0.65uM
4lbo,BGC-SIA,,,kd,=,1.7,uM,-5.769551078621726,MOAD,Kd=1.7uM
4ljh,MHD-GAL,,,kd,=,19.4,uM,-4.7121982700697735,MOAD,Kd=19.4uM
4lk7,04G-GAL,,,kd,=,9.1,uM,-5.040958607678906,MOAD,Kd=9.1uM
4lkd,GAL-PHB,,,kd,=,4.5,uM,-5.346787486224656,MOAD,Kd=4.5uM
4lke,GAL-PHB,,,kd,=,4.3,uM,-5.366531544420414,MOAD,Kd=4.3uM
4lkf,GAL-PHB,,,kd,=,4.3,uM,-5.366531544420414,MOAD,Kd=4.3uM
4lkk,GAL-SIA,,,kd,=,0.33,uM,-6.481486060122112,MOAD,Kd=0.33uM
4lkl,ACE-ADM,,,ic50,=,0.82,uM,-6.086186147616283,MOAD,ic50=0.82uM
4lkm,5PV-LYT,,,ic50,=,0.46,uM,-6.337242168318426,MOAD,ic50=0.46uM
4lmb,CYS-CYS,,,kd,=,186.0,uM,-3.7304870557820835,MOAD,Kd=186.0uM
4lnp,VAL-GLU,,,kd,=,214.0,uM,-3.669586226650809,MOAD,Kd=214.0uM
4lo2,BGC-GAL,,,kd,~,1.0,mM,-3.0,MOAD,Kd~1.0mM
4lo3,NDG-GAL,,,kd,~,1.0,mM,-3.0,MOAD,Kd~1.0mM
4lo6,GAL-SIA,,,kd,~,0.5,mM,-3.3010299956639813,MOAD,Kd~0.5mM
4lp9,SER-PRO,,,ic50,=,0.62,uM,-6.207608310501746,MOAD,ic50=0.62uM
4m7j,KDA-KDO,,,kd,=,0.781,uM,-6.1073489661227,MOAD,Kd=0.781uM
4mbp,GLC-GLC,,,ki,=,2.3,uM,-5.638272163982407,MOAD,Ki=2.3uM
4mdr,GLU-GLN,,,kd,=,40.6,uM,-4.391473966422806,MOAD,Kd=40.6uM
4mn3,ACE-NH2,,,kd,=,1.77,uM,-5.752026733638194,MOAD,Kd=1.77uM
4n84,GLY-SER,,,kd,=,41.0,nM,-7.3872161432802645,MOAD,Kd=41.0nM
4nmo,ALA-ILE,,,kd,=,39.5,uM,-4.403402904373539,MOAD,Kd=39.5uM
4nmp,ALA-ILE,,,kd,=,122.0,uM,-3.9136401693252516,MOAD,Kd=122.0uM
4nmq,ALA-ILE,,,kd,=,64.6,uM,-4.189767482004916,MOAD,Kd=64.6uM
4nmr,ALA-ILE,,,kd,=,298.0,uM,-3.5257837359237447,MOAD,Kd=298.0uM
4nms,ALA-ILE,,,kd,=,27.9,uM,-4.554395796726403,MOAD,Kd=27.9uM
4nmt,ALA-ILE,,,kd,=,22.3,uM,-4.651695136951839,MOAD,Kd=22.3uM
4nmv,ALA-ILE,,,kd,=,20.0,uM,-4.698970004336019,MOAD,Kd=20.0uM
4nxq,GLU-PHE,,,kd,=,18.0,uM,-4.7447274948966935,MOAD,Kd=18.0uM
4nxr,ASN-ANS,,,kd,=,46.0,uM,-4.337242168318426,MOAD,Kd=46.0uM
4ny3,THR-LEU,,,kd,=,49.5,uM,-4.305394801066432,MOAD,Kd=49.5uM
4o2c,ACE-LEU,,,ic50,=,10.0,nM,-8.0,MOAD,ic50=10.0nM
4o6w,ACE-NH2,,,kd,=,3.0,nM,-8.522878745280337,MOAD,Kd=3.0nM
4oee,IDY-GNX,,,kd,=,1.73,uM,-5.761953896871205,MOAD,Kd=1.73uM
4oef,IDY-SGN,,,kd,=,17.5,uM,-4.756961951313706,MOAD,Kd=17.5uM
4oeg,IDY-SUS,,,kd,=,9.01,uM,-5.045275209020937,MOAD,Kd=9.01uM
4ojz,LGU-BEM,,,kd,=,0.00010101010101010101,M,-3.9956351945975497,MOAD,Ka=9900.0M^-1
4omc,2UC-00S,,,ki,=,16.7,pM,-10.777283528852417,MOAD,Ki=16.7pM
4ou3,CYS-GLY,,,ki,=,38.7,uM,-4.412289034981089,MOAD,Ki=38.7uM
4ouj,GLC-GAL,,,kd,=,1.39,mM,-2.856985199745905,MOAD,Kd=1.39mM
4owl,NAG-GAL,,,kd,=,152.0,uM,-3.8181564120552274,MOAD,Kd=152.0uM
4p0a,THR-GLY,,,kd,=,30.3,uM,-4.518557371497695,MOAD,Kd=30.3uM
4p7r,NAG-NAG,,,kd,=,2.7,mM,-2.5686362358410126,MOAD,Kd=2.7mM
4p8v,NAG-NAG,,,kd,=,204.0,uM,-3.6903698325741012,MOAD,Kd=204.0uM
4p8x,NAG-NAG,,,kd,=,0.04,uM,-7.3979400086720375,MOAD,Kd=0.04uM
4p9v,PHQ-NH2,,,kd,=,0.154,uM,-6.8124792791635365,MOAD,Kd=0.154uM
4p9z,NMI-NH2,,,kd,=,87.7,nM,-7.05700040663396,MOAD,Kd=87.7nM
4pft,BMA-BMA,,,kd,=,0.0023,uM,-8.638272163982407,MOAD,Kd=0.0023uM
4pfu,BMA-BMA,,,kd,=,0.67,uM,-6.173925197299173,MOAD,Kd=0.67uM
4pfw,MAN-BMA,,,kd,=,0.006,uM,-8.221848749616356,MOAD,Kd=0.006uM
4pfy,BMA-BMA,,,kd,=,0.0044,uM,-8.356547323513812,MOAD,Kd=0.0044uM
4pk3,ACE-COA,,,ic50,~,100.0,uM,-4.0,MOAD,ic50~100.0uM
4q4i,L2O-ASP,,,ic50,=,0.047,uM,-7.327902142064282,MOAD,ic50=0.047uM
4qlk,BGC-BGC,,,kd,=,0.0005555555555555556,M,-3.255272505103306,MOAD,Ka=1800.0M^-1
4qll,BGC-BGC,,,kd,=,0.0004166666666666667,M,-3.380211241711606,MOAD,Ka=2400.0M^-1
4qrq,HIS-LEU,,,kd,=,2.48,uM,-5.605548319173784,MOAD,Kd=2.48uM
4r5i,ASN-GLY,,,kd,~,10.0,uM,-5.0,MOAD,Kd~10.0uM
4r6o,ZZ1-GLA,,,kd,=,2.9850746268656716e-06,M,-5.525044807036846,MOAD,Ka=335000.0M^-1
4r6p,ZZ1-GAL,,,kd,=,7.751937984496124e-05,M,-4.110589710299249,MOAD,Ka=12900.0M^-1
4r6q,NBZ-GLA,,,kd,=,1.2836970474967908e-05,M,-4.891537457672564,MOAD,Ka=77900.0M^-1
4rcp,ACE-NH2,,,ic50,=,4.42,uM,-5.354577730650908,MOAD,ic50=4.42uM
4rh5,PHE-ASP,,,kd,=,127.3,nM,-6.895171596346344,MOAD,Kd=127.3nM
4rxh,PRO-VAL,,,kd,=,1.23,uM,-5.910094888560602,MOAD,Kd=1.23uM
4ryd,2UE-00S,,,ki,=,0.0055,nM,-11.259637310505756,MOAD,Ki=0.0055nM
4sga,ACE-PHE,,,ki,=,50.0,nM,-7.301029995663981,MOAD,Ki=50.0nM
4tqm,NAG-NAG,,,kd,=,41.65,uM,-4.380384994257193,MOAD,Kd=41.65uM
4tro,NAD-ZID,,,ki,=,0.75,nM,-9.1249387366083,MOAD,Ki=0.75nM
4tsz,ACE-ZCL,,,kd,=,99.0,nM,-7.00436480540245,MOAD,Kd=99.0nM
4u31,GPM-GLC,,,ic50,=,102.0,uM,-3.9913998282380825,MOAD,ic50=102.0uM
4ua8,GLC-GLC,,,kd,=,550.0,nM,-6.259637310505756,MOAD,Kd=550.0nM
4uac,GLC-AC1,,,kd,=,302.0,nM,-6.51999305704285,MOAD,Kd=302.0nM
4up4,GAL-NAG,,,kd,=,110.0,uM,-3.958607314841775,MOAD,Kd=110.0uM
4utv,BEZ-FSL,,,kd,=,8.2,uM,-5.086186147616283,MOAD,Kd=8.2uM
4utv,BEZ-F9V,,,kd,=,8.2,uM,-5.086186147616283,MOAD,Kd=8.2uM
4uyw,SGN-UAP,,,kd,=,6.4,uM,-5.1938200260161125,MOAD,Kd=6.4uM
4v27,MAN-IFM,,,kd,=,217.0,nM,-6.66354026615147,MOAD,Kd=217.0nM
4wa2,NAG-SIA,,,kd,=,14.19,uM,-4.848017604542526,MOAD,Kd=14.19uM
4wdi,LEU-GLY,,,kd,=,286.0,uM,-3.543633966870957,MOAD,Kd=286.0uM
4whh,QAC-NH2,,,ic50,=,0.04,uM,-7.3979400086720375,MOAD,ic50=0.04uM
4wj5,GRN-LPH,,,ic50,=,0.51,uM,-6.292429823902063,MOAD,ic50=0.51uM
4wvs,MAA-4LZ,,,ic50,=,0.54,uM,-6.267606240177032,MOAD,ic50=0.54uM
4wvt,MAA-3V7,,,ic50,=,4.87,uM,-5.3124710387853655,MOAD,ic50=4.87uM
4wvu,MAA-HOX,,,ic50,=,1.97,uM,-5.7055337738384075,MOAD,ic50=1.97uM
4wyu,SER-LEU,,,kd,=,7.3,uM,-5.136677139879544,MOAD,Kd=7.3uM
4x3h,ARG-TYR,,,kd,=,59.4,uM,-4.2262135550188065,MOAD,Kd=59.4uM
4x3s,ARG-GLY,,,kd,=,1.3,uM,-5.886056647693163,MOAD,Kd=1.3uM
4x9r,4L0-NH2,,,ic50,=,0.015,uM,-7.823908740944319,MOAD,ic50=0.015uM
4x9v,4KY-NH2,,,ic50,=,0.014,uM,-7.853871964321762,MOAD,ic50=0.014uM
4x9w,LEU-NH2,,,ic50,=,0.14,uM,-6.853871964321762,MOAD,ic50=0.14uM
4xbl,NAG-GAL,,,kd,=,340.0,uM,-3.468521082957745,MOAD,Kd=340.0uM
4xbn,NAG-GAL,,,kd,=,93.0,uM,-4.031517051446065,MOAD,Kd=93.0uM
4xbq,NAG-GAL,,,kd,=,270.0,uM,-3.5686362358410126,MOAD,Kd=270.0uM
4xhv,ASP-ZN,,,kd,=,50.0,uM,-4.301029995663981,MOAD,Kd=50.0uM
4xur,XYP-XYP,,,kd,=,0.000625,M,-3.2041199826559246,MOAD,Ka=1600.0M^-1
4xxh,GLC-G6P,,,kd,=,10.0,uM,-5.0,MOAD,Kd=10.0uM
4y32,ARG-49F,,,ic50,=,90.1,uM,-4.045275209020938,MOAD,ic50=90.1uM
4y5i,ACE-PIP,,,ic50,=,301.3,uM,-3.521000868326643,MOAD,ic50=301.3uM
4y7r,GLU-VAL,,,kd,=,9.3,uM,-5.031517051446065,MOAD,Kd=9.3uM
4yee,GLC-GLC,,,kd,=,0.32,uM,-6.494850021680094,MOAD,Kd=0.32uM
4yef,GLC-GLC,,,kd,=,4.44,uM,-5.35261702988538,MOAD,Kd=4.44uM
4ylz,BGC-GAL,,,kd,=,270.0,uM,-3.5686362358410126,MOAD,Kd=270.0uM
4ym0,BGC-GAL,,,kd,=,510.0,uM,-3.2924298239020637,MOAD,Kd=510.0uM
4ym1,BGC-FUC,,,kd,=,580.0,uM,-3.2365720064370627,MOAD,Kd=580.0uM
4ym2,BGC-GAL,,,kd,=,1400.0,uM,-2.853871964321762,MOAD,Kd=1400.0uM
4ym3,BGC-GAL,,,kd,=,1900.0,uM,-2.721246399047171,MOAD,Kd=1900.0uM
4ynl,GLU-ARG,,,kd,=,24.0,uM,-4.619788758288394,MOAD,Kd=24.0uM
4yw2,GAL-SIA,,,kd,=,1.6,mM,-2.795880017344075,MOAD,Kd=1.6mM
4yz5,GLC-SIA,,,kd,=,1.48,mM,-2.8297382846050425,MOAD,Kd=1.48mM
4z0u,TRP-PHE,,,kd,=,2.0,uM,-5.698970004336019,MOAD,Kd=2.0uM
4z5w,TYS-GLN,,,kd,=,4.2,nM,-8.3767507096021,MOAD,Kd=4.2nM
4z76,LEU-VAL,,,kd,=,13.6,uM,-4.866461091629782,MOAD,Kd=13.6uM
4z78,LEU-PHE,,,kd,=,113.0,uM,-3.94692155651658,MOAD,Kd=113.0uM
4zfz,MYR-SER,,,kd,=,2.5,uM,-5.6020599913279625,MOAD,Kd=2.5uM
4zfz,GLY-MYR,,,kd,=,2.5,uM,-5.6020599913279625,MOAD,Kd=2.5uM
4zh7,GAL-FUC,,,kd,=,227.0,uM,-3.6439741428068775,MOAD,Kd=227.0uM
4zhl,CYS-CYS,,,kd,=,0.0147,uM,-7.8326826652518236,MOAD,Kd=0.0147uM
4zhm,MRZ-CYS,,,kd,=,0.00081,uM,-9.09151498112135,MOAD,Kd=0.00081uM
4zo6,BGC-BGC,,,ki,=,21.0,mM,-1.6777807052660807,MOAD,Ki=21.0mM
4zo7,GLC-BGC,,,ki,=,2.8,mM,-2.5528419686577806,MOAD,Ki=2.8mM
4zs9,FRU-GLA,,,kd,=,27.0,uM,-4.568636235841012,MOAD,Kd=27.0uM
4zze,GLC-GLC,,,kd,=,9.0,uM,-5.045757490560675,MOAD,Kd=9.0uM
4zzw,BGC-BGC,,,ki,=,50.0,uM,-4.301029995663981,MOAD,Ki=50.0uM
5a3o,MMA-DH6,,,kd,=,18.5,uM,-4.732828271596986,MOAD,Kd=18.5uM
5ab0,2X0-LYN,,,ic50,=,26.0,nM,-7.585026652029182,MOAD,ic50=26.0nM
5aci,BGC-BGC,,,kd,=,3.7,uM,-5.431798275933005,MOAD,Kd=3.7uM
5aei,LYS-ARG,,,kd,=,1.1,nM,-8.958607314841775,MOAD,Kd=1.1nM
5ajb,GLA-GAL,,,kd,=,25.7,uM,-4.590066876668706,MOAD,Kd=25.7uM
5apr,HIS-DHL,,,ki,<,17.0,nM,-7.769551078621726,MOAD,Ki<17.0nM
5axi,ASP-PRO,,,ic50,=,120.0,uM,-3.9208187539523753,MOAD,ic50=120.0uM
5azf,TRP-LEU,,,kd,=,36.1,uM,-4.442492798094342,MOAD,Kd=36.1uM
5azg,TYR-LEU,,,kd,=,2.9,uM,-5.537602002101044,MOAD,Kd=2.9uM
5b2d,GLC-SIA,,,kd,=,56.0,uM,-4.251811972993799,MOAD,Kd=56.0uM
5bmm,FUM-ORN,,,ki,=,0.01,uM,-8.0,MOAD,Ki=0.01uM
5bo9,NGS-SIA,,,kd,=,250.0,uM,-3.6020599913279625,MOAD,Kd=250.0uM
5bqu,FRU-GAL,,,kd,=,1.37,mM,-2.8632794328435933,MOAD,Kd=1.37mM
5bs0,GLU-TYR,,,kd,=,76.7,nM,-7.115204636051019,MOAD,Kd=76.7nM
5btv,GLY-GLY,,,kd,=,140.0,uM,-3.853871964321762,MOAD,Kd=140.0uM
5bxp,LOG-GAL,,,ki,=,7.7,uM,-5.113509274827518,MOAD,Ki=7.7uM
5bxr,GAL-NOK,,,ki,=,0.88,uM,-6.055517327849832,MOAD,Ki=0.88uM
5bxr,NOK-GAL,,,ki,=,0.88,uM,-6.055517327849832,MOAD,Ki=0.88uM
5bxs,GAL-GC2,,,ki,=,0.52,uM,-6.2839966563652006,MOAD,Ki=0.52uM
5bxt,4WS-GAL,,,ki,=,52.0,uM,-4.2839966563652006,MOAD,Ki=52.0uM
5c0m,ALA-SER,,,kd,=,1.4,uM,-5.853871964321762,MOAD,Kd=1.4uM
5cs2,54C-WVL,,,ic50,=,0.004,uM,-8.397940008672037,MOAD,ic50=0.004uM
5cvd,DMG-PRO,,,kd,=,0.39,uM,-6.4089353929735005,MOAD,Kd=0.39uM
5d6y,GLN-SER,,,kd,=,2.2,uM,-5.657577319177793,MOAD,Kd=2.2uM
5dms,PHE-ILE,,,kd,=,29.58,uM,-4.529001830339126,MOAD,Kd=29.58uM
5duv,BGC-GAL,,,kd,=,1300.0,uM,-2.886056647693163,MOAD,Kd=1300.0uM
5duw,BGC-SGA,,,kd,=,510.0,uM,-3.2924298239020637,MOAD,Kd=510.0uM
5dux,BGC-FUC,,,kd,=,380.0,uM,-3.42021640338319,MOAD,Kd=380.0uM
5e1b,SER-ALA,,,kd,=,0.8,uM,-6.096910013008056,MOAD,Kd=0.8uM
5e1d,TYR-ALA,,,kd,=,0.1,uM,-7.0,MOAD,Kd=0.1uM
5e1m,PRO-ALA,,,kd,=,2.8,nM,-8.55284196865778,MOAD,Kd=2.8nM
5e1o,ARG-ALA,,,kd,=,0.3,uM,-6.522878745280337,MOAD,Kd=0.3uM
5e2q,ASP-PHE,,,kd,=,1.64,uM,-5.785156151952302,MOAD,Kd=1.64uM
5e3a,TYR-LEU,,,kd,=,3.6,uM,-5.443697499232712,MOAD,Kd=3.6uM
5e50,ALA-GLU,,,kd,=,7.0,uM,-5.154901959985743,MOAD,Kd=7.0uM
5e6o,TRP-LEU,,,kd,=,76.9,uM,-4.114073660198569,MOAD,Kd=76.9uM
5e70,GLC-GLC,,,kd,=,160.0,uM,-3.795880017344075,MOAD,Kd=160.0uM
5e76,BGC-BGC,,,kd,=,3.3333333333333333e-06,M,-5.477121254719663,MOAD,Ka=300000.0M^-1
5e7g,BGC-BGC,,,kd,=,5e-05,M,-4.301029995663981,MOAD,Ka=20000.0M^-1
5e8f,LYS-GER,,,kd,=,2.3,nM,-8.638272163982407,MOAD,Kd=2.3nM
5eel,SER-AEA,,,kd,=,0.83,uM,-6.080921907623926,MOAD,Kd=0.83uM
5efj,5OM-DAL,,,ki,=,0.35,uM,-6.455931955649724,MOAD,Ki=0.35uM
5elb,NAG-FUC,,,kd,=,1.1,mM,-2.958607314841775,MOAD,Kd=1.1mM
5elb,NDG-FUC,,,kd,=,1.1,mM,-2.958607314841775,MOAD,Kd=1.1mM
5elb,NDG-FUC,,,kd,=,1.1,mM,-2.958607314841775,MOAD,Kd=1.1mM
5elb,GAL-FUC,,,kd,=,1.1,mM,-2.958607314841775,MOAD,Kd=1.1mM
5elc,NDG-FUC,,,kd,=,1.5,mM,-2.8239087409443187,MOAD,Kd=1.5mM
5elc,NAG-FUC,,,kd,=,1.5,mM,-2.8239087409443187,MOAD,Kd=1.5mM
5elc,GAL-FUC,,,kd,=,1.5,mM,-2.8239087409443187,MOAD,Kd=1.5mM
5elc,NDG-FUC,,,kd,=,1.5,mM,-2.8239087409443187,MOAD,Kd=1.5mM
5elc,NAG-FUC,,,kd,=,1.5,mM,-2.8239087409443187,MOAD,Kd=1.5mM
5elc,GAL-FUC,,,kd,=,1.5,mM,-2.8239087409443187,MOAD,Kd=1.5mM
5eld,NDG-FUC,,,kd,=,2.19,mM,-2.6595558851598815,MOAD,Kd=2.19mM
5elf,BGC-FUC,,,kd,=,4.6,mM,-2.3372421683184257,MOAD,Kd=4.6mM
5elf,GLC-FUC,,,kd,=,4.6,mM,-2.3372421683184257,MOAD,Kd=4.6mM
5elf,BGC-A2G,,,kd,=,4.57,mM,-2.3400837999301496,MOAD,Kd=4.57mM
5elf,GLC-A2G,,,kd,=,4.57,mM,-2.3400837999301496,MOAD,Kd=4.57mM
5elq,ARG-VAL,,,kd,=,2.0,uM,-5.698970004336019,MOAD,Kd=2.0uM
5elz,ADP-3V9,,,ic50,=,0.46,uM,-6.337242168318426,MOAD,ic50=0.46uM
5em9,PRO-PHE,,,kd,=,2.7,uM,-5.568636235841012,MOAD,Kd=2.7uM
5ema,PRO-VAL,,,kd,=,5.9,uM,-5.229147988357855,MOAD,Kd=5.9uM
5epk,5R0-5R5,,,kd,=,1.8,uM,-5.7447274948966935,MOAD,Kd=1.8uM
5epl,5R0-5R5,,,kd,=,0.094,uM,-7.026872146400301,MOAD,Kd=0.094uM
5eq0,5R0-5R5,,,kd,=,1.2,uM,-5.920818753952375,MOAD,Kd=1.2uM
5f5k,ACE-5XU,,,ic50,=,2.9,uM,-5.537602002101044,MOAD,ic50=2.9uM
5f7v,GLC-GLC,,,kd,~,2.0,uM,-5.698970004336019,MOAD,Kd~2.0uM
5f90,BGC-GLA,,,kd,=,14.0,uM,-4.853871964321762,MOAD,Kd=14.0uM
5fjx,ASP-PHE,,,kd,=,11.0,uM,-4.958607314841775,MOAD,Kd=11.0uM
5fjz,ASP-ASP,,,kd,=,10.0,uM,-5.0,MOAD,Kd=10.0uM
5fot,ACE-NH2,,,kd,=,680.0,uM,-3.167491087293764,MOAD,Kd=680.0uM
5fou,ACE-NH2,,,kd,=,113.0,uM,-3.94692155651658,MOAD,Kd=113.0uM
5fov,ACE-NH2,,,kd,=,1590.0,uM,-2.7986028756795487,MOAD,Kd=1590.0uM
5fow,ACE-NH2,,,kd,=,93.0,uM,-4.031517051446065,MOAD,Kd=93.0uM
5fox,ACE-NH2,,,kd,=,675.0,uM,-3.170696227168975,MOAD,Kd=675.0uM
5fra,GAL-SIA,,,kd,=,68.0,uM,-4.167491087293763,MOAD,Kd=68.0uM
5fre,GAL-SIA,,,kd,=,32.0,uM,-4.494850021680094,MOAD,Kd=32.0uM
5fu2,MAN-BMA,,,kd,=,5.882352941176471e-05,M,-4.230448921378274,MOAD,Ka=17000.0M^-1
5fu2,BMA-BMA,,,kd,=,5.882352941176471e-05,M,-4.230448921378274,MOAD,Ka=17000.0M^-1
5fu3,BGC-BGC,,,kd,=,2.4390243902439026e-05,M,-4.6127838567197355,MOAD,Ka=41000.0M^-1
5g4c,ARG-THR,,,kd,=,13.7,uM,-4.863279432843593,MOAD,Kd=13.7uM
5g5z,GLC-FRU,,,kd,=,2.2,uM,-5.657577319177793,MOAD,Kd=2.2uM
5g61,ZEE-FRU,,,kd,=,0.4,uM,-6.3979400086720375,MOAD,Kd=0.4uM
5ggo,LEC-NGA,,,kd,=,0.8,mM,-3.0969100130080562,MOAD,Kd=0.8mM
5ggp,THR-VAL,,,kd,=,0.5,mM,-3.3010299956639813,MOAD,Kd=0.5mM
5ggp,THR-GLY,,,kd,=,0.5,mM,-3.3010299956639813,MOAD,Kd=0.5mM
5glt,BGC-GAL,,,kd,=,24.0,uM,-4.619788758288394,MOAD,Kd=24.0uM
5glu,GLC-SIA,,,kd,=,96.0,uM,-4.017728766960431,MOAD,Kd=96.0uM
5glw,NAG-GAL,,,kd,=,54.0,uM,-4.267606240177031,MOAD,Kd=54.0uM
5gm0,BGC-GAL,,,kd,=,111.0,uM,-3.9546770212133424,MOAD,Kd=111.0uM
5gmv,ASP-LEU,,,kd,=,0.59,uM,-6.229147988357856,MOAD,Kd=0.59uM
5gu4,ASP-ASP,,,kd,=,3.4,uM,-5.468521082957745,MOAD,Kd=3.4uM
5gub,NGA-GCD,,,kd,=,0.635,uM,-6.197226274708024,MOAD,Kd=0.635uM
5gx6,ASG-GCD,,,kd,=,1.6,uM,-5.795880017344075,MOAD,Kd=1.6uM
5gx7,NG6-GCD,,,kd,=,2.76,uM,-5.559090917934783,MOAD,Kd=2.76uM
5gza,MAN-NGA,,,kd,=,30.2,uM,-4.51999305704285,MOAD,Kd=30.2uM
5gzk,BGC-BGC,,,ki,=,1.9,mM,-2.721246399047171,MOAD,Ki=1.9mM
5h7h,ACE-PRO,,,ic50,=,170.0,uM,-3.769551078621726,MOAD,ic50=170.0uM
5hda,SER-LEU,,,kd,=,7.4,uM,-5.130768280269024,MOAD,Kd=7.4uM
5heb,THR-VAL,,,kd,=,0.8,uM,-6.096910013008056,MOAD,Kd=0.8uM
5hed,THR-VAL,,,kd,=,36.0,uM,-4.443697499232712,MOAD,Kd=36.0uM
5hey,THR-VAL,,,kd,=,2.2,uM,-5.657577319177793,MOAD,Kd=2.2uM
5hf1,THR-VAL,,,kd,=,1.8,uM,-5.7447274948966935,MOAD,Kd=1.8uM
5hf3,ACE-60H,,,kd,=,13.4,uM,-4.872895201635192,MOAD,Kd=13.4uM
5hfb,THR-VAL,,,kd,=,26.9,uM,-4.570247719997592,MOAD,Kd=26.9uM
5hfc,THR-VAL,,,kd,=,1.9,uM,-5.721246399047171,MOAD,Kd=1.9uM
5hff,THR-VAL,,,kd,=,0.5,uM,-6.301029995663981,MOAD,Kd=0.5uM
5htb,ALA-6L5,,,kd,=,170.0,nM,-6.769551078621726,MOAD,Kd=170.0nM
5htc,ALA-66M,,,kd,=,150.0,nM,-6.823908740944319,MOAD,Kd=150.0nM
5hza,BGC-GAL,,,ic50,=,5.6,mM,-2.2518119729937993,MOAD,ic50=5.6mM
5hzb,GLC-FUC,,,ic50,=,5.5,mM,-2.259637310505756,MOAD,ic50=5.5mM
5icv,MET-1XE,,,ic50,=,2.44,uM,-5.61261017366127,MOAD,ic50=2.44uM
5iok,ACE-THR,,,kd,=,9.5,uM,-5.022276394711152,MOAD,Kd=9.5uM
5iql,ALA-ALA,,,kd,=,31.7,uM,-4.498940737782249,MOAD,Kd=31.7uM
5isz,GLY-LEU,,,kd,=,27.0,nM,-7.568636235841012,MOAD,Kd=27.0nM
5ivx,ARG-ILE,,,kd,~,0.54,uM,-6.267606240177032,MOAD,Kd~0.54uM
5izf,6J9-NH2,,,kd,=,0.18,nM,-9.744727494896694,MOAD,Kd=0.18nM
5j41,3LF-GSH,,,ki,=,199.0,uM,-3.701146923590293,MOAD,Ki=199.0uM
5jhd,GLY-LEU,,,kd,=,37.0,nM,-7.431798275933005,MOAD,Kd=37.0nM
5jr6,01B-NH2,,,ic50,=,20.2,uM,-4.694648630553377,MOAD,ic50=20.2uM
5kle,BGC-BGC,,,kd,=,0.00023255813953488373,M,-3.6334684555795866,MOAD,Ka=4300.0M^-1
5klf,BGC-BGC,,,kd,=,0.00023255813953488373,M,-3.6334684555795866,MOAD,Ka=4300.0M^-1
5l79,R47-6PJ,,,ki,=,0.9,nM,-9.045757490560675,MOAD,Ki=0.9nM
5l7f,R47-6PJ,,,ki,=,0.9,nM,-9.045757490560675,MOAD,Ki=0.9nM
5l7f,6PJ-R47,,,ki,=,0.9,nM,-9.045757490560675,MOAD,Ki=0.9nM
5lb7,LEU-ASP,,,kd,=,9.0,uM,-5.045757490560675,MOAD,Kd=9.0uM
5lkc,GLA-A2G,,,ic50,=,13.0,mM,-1.8860566476931633,MOAD,ic50=13.0mM
5lne,A2G-GAL,,,kd,=,17.43,uM,-4.758702612890007,MOAD,Kd=17.43uM
5lyn,PRO-ASP,,,kd,=,9.04,uM,-5.043831569524636,MOAD,Kd=9.04uM
5lyr,MAN-MNM,,,kd,=,0.013,uM,-7.886056647693163,MOAD,Kd=0.013uM
5m17,7D1-MAN,,,kd,=,221.0,uM,-3.6556077263148894,MOAD,Kd=221.0uM
5m1z,6LW-AHR,,,ki,=,66.0,uM,-4.180456064458131,MOAD,Ki=66.0uM
5m28,GLC-GLC,,,kd,=,48.0,uM,-4.318758762624412,MOAD,Kd=48.0uM
5m5d,DGO-MAN,,,kd,=,111.0,uM,-3.9546770212133424,MOAD,Kd=111.0uM
5m77,7K2-7K3,,,kd,=,24.7,nM,-7.607303046740334,MOAD,Kd=24.7nM
5may,FUL-PK6,,,kd,=,0.29,uM,-6.537602002101044,MOAD,Kd=0.29uM
5mb1,FUL-7KT,,,kd,=,6.4e-08,M,-7.1938200260161125,MOAD,Kd=6.4e-08M
5meo,ILE-LEU,,,kd,=,1.0,uM,-6.0,MOAD,Kd=1.0uM
5meq,ILE-LEU,,,kd,=,28.0,uM,-4.552841968657781,MOAD,Kd=28.0uM
5mk9,GLC-GLC,,,kd,=,38.0,uM,-4.42021640338319,MOAD,Kd=38.0uM
5mka,GLC-GLC,,,kd,=,49.0,uM,-4.309803919971486,MOAD,Kd=49.0uM
5mtt,GLC-GLC,,,kd,=,27.0,uM,-4.568636235841012,MOAD,Kd=27.0uM
5mtu,GLC-GLC,,,kd,=,136.0,uM,-3.8664610916297826,MOAD,Kd=136.0uM
5mxg,NAG-FUC,,,kd,=,4.44,mM,-2.35261702988538,MOAD,Kd=4.44mM
5n70,ALA-ARG,,,kd,~,3.0,nM,-8.522878745280337,MOAD,Kd~3.0nM
5n99,ASN-GLN,,,kd,=,61.3,uM,-4.212539525481585,MOAD,Kd=61.3uM
5n9c,ACE-92B,,,kd,=,14.1,uM,-4.85078088734462,MOAD,Kd=14.1uM
5nf7,TVD-GAL,,,kd,=,37.5,uM,-4.425968732272281,MOAD,Kd=37.5uM
5nfa,TVD-TVM,,,kd,=,5.6,uM,-5.251811972993799,MOAD,Kd=5.6uM
5npr,ACE-94T,,,ki,=,1.3,uM,-5.886056647693163,MOAD,Ki=1.3uM
5nps,ACY-94T,,,ki,=,7.0,uM,-5.154901959985743,MOAD,Ki=7.0uM
5nwi,TYR-ASN,,,kd,=,0.69,uM,-6.161150909262744,MOAD,Kd=0.69uM
5o4z,A-A,,,kd,=,860.0,nM,-6.065501548756432,MOAD,Kd=860.0nM
5o58,A-G,,,kd,=,191.0,nM,-6.718966632752272,MOAD,Kd=191.0nM
5o7u,GLA-GAL,,,kd,=,52.1,uM,-4.283162276700476,MOAD,Kd=52.1uM
5o7u,GAL-GAL,,,kd,=,52.1,uM,-4.283162276700476,MOAD,Kd=52.1uM
5o7v,GLA-GAL,,,kd,=,52.4,uM,-4.280668713016274,MOAD,Kd=52.4uM
5o7w,GAL-GAL,,,kd,=,67.8,uM,-4.168770306132936,MOAD,Kd=67.8uM
5o7w,GLA-GAL,,,kd,=,67.8,uM,-4.168770306132936,MOAD,Kd=67.8uM
5oca,TWD-TWA,,,kd,=,180.0,uM,-3.744727494896694,MOAD,Kd=180.0uM
5ofl,BGC-BGC,,,kd,=,5.714285714285714e-05,M,-4.243038048686294,MOAD,Ka=17500.0M^-1
5ofx,FRU-GLA,,,ic50,=,0.11,mM,-3.958607314841775,MOAD,ic50=0.11mM
5ovc,ACE-LEU,,,kd,=,1.1,uM,-5.958607314841775,MOAD,Kd=1.1uM
5ovp,ACE-LEU,,,kd,=,9.1,uM,-5.040958607678906,MOAD,Kd=9.1uM
5ovv,ACE-ILE,,,kd,=,33.0,uM,-4.481486060122112,MOAD,Kd=33.0uM
5swb,NAG-MAN,,,kd,=,0.962,uM,-6.016824927962187,MOAD,Kd=0.962uM
5sxm,ACE-NH2,,,kd,=,2.9,nM,-8.537602002101044,MOAD,Kd=2.9nM
5t4j,PLP-ABU,,,kd,=,2.6,mM,-2.585026652029182,MOAD,Kd=2.6mM
5t54,GLA-A2G,,,kd,=,0.87,nM,-9.060480747381382,MOAD,Kd=0.87nM
5t55,BGC-NGA,,,kd,=,0.68,nM,-9.167491087293763,MOAD,Kd=0.68nM
5t5j,ACA-A2G,,,kd,=,0.73,nM,-9.136677139879545,MOAD,Kd=0.73nM
5t5l,ACE-A2G,,,kd,=,0.73,nM,-9.136677139879545,MOAD,Kd=0.73nM
5t5p,ACE-A2G,,,kd,=,0.71,nM,-9.148741651280925,MOAD,Kd=0.71nM
5t6p,ALA-PRO,,,kd,=,880.0,nM,-6.055517327849831,MOAD,Kd=880.0nM
5t70,THR-TRP,,,kd,=,102.0,uM,-3.9913998282380825,MOAD,Kd=102.0uM
5t78,NGA-PRO,,,kd,=,43.0,nM,-7.366531544420413,MOAD,Kd=43.0nM
5t78,ALA-NGA,,,kd,=,43.0,nM,-7.366531544420413,MOAD,Kd=43.0nM
5t7i,BGC-GAL,,,kd,=,0.33,uM,-6.481486060122112,MOAD,Kd=0.33uM
5t7s,GLC-GAL,,,kd,=,3.1,uM,-5.508638306165727,MOAD,Kd=3.1uM
5t7t,NAG-GAL,,,kd,=,2.1,uM,-5.6777807052660805,MOAD,Kd=2.1uM
5t8r,ALA-SER,,,kd,=,51.0,uM,-4.292429823902063,MOAD,Kd=51.0uM
5tdb,DA2-SER,,,kd,=,1.45,uM,-5.838631997765025,MOAD,Kd=1.45uM
5tdc,NMM-SER,,,kd,=,12.88,uM,-4.890084136976206,MOAD,Kd=12.88uM
5tdd,HIS-SER,,,kd,=,34.0,uM,-4.468521082957745,MOAD,Kd=34.0uM
5tpc,GAL-SIA,,,kd,=,1.0,mM,-3.0,MOAD,Kd=1.0mM
5ttw,PRO-NLW,,,kd,=,1.09,uM,-5.962573502059376,MOAD,Kd=1.09uM
5tyi,LYS-48V,,,kd,=,0.13,uM,-6.886056647693163,MOAD,Kd=0.13uM
5u06,LYS-48V,,,kd,=,0.22,uM,-6.657577319177793,MOAD,Kd=0.22uM
5u1q,LYS-48V,,,kd,=,1.1,uM,-5.958607314841775,MOAD,Kd=1.1uM
5u98,VAL-VAL,,,kd,=,0.2,nM,-9.698970004336019,MOAD,Kd=0.2nM
5udk,ATP-A,,,ic50,~,500.0,nM,-6.301029995663981,MOAD,ic50~500.0nM
5uf1,NAG-FUC,,,kd,=,2.6,uM,-5.585026652029182,MOAD,Kd=2.6uM
5uf4,GLC-GAL,,,kd,=,160.0,uM,-3.795880017344075,MOAD,Kd=160.0uM
5ufc,NAG-FUC,,,kd,=,6.9,uM,-5.161150909262744,MOAD,Kd=6.9uM
5uff,BGC-FUC,,,kd,=,57.1,uM,-4.243363891754152,MOAD,Kd=57.1uM
5vmf,NAG-SIA,,,kd,=,0.305,uM,-6.515700160653214,MOAD,Kd=0.305uM
5vnf,VAL-VAL,,,kd,=,14.2,uM,-4.847711655616943,MOAD,Kd=14.2uM
5w7i,GLY-VAL,,,kd,=,11.2,uM,-4.950781977329818,MOAD,Kd=11.2uM
5w7x,PRO-ASN,,,kd,=,80.0,uM,-4.096910013008056,MOAD,Kd=80.0uM
5weu,ARG-ILE,,,kd,=,0.19,mM,-3.721246399047171,MOAD,Kd=0.19mM
5wje,ASP-CMC,,,ic50,=,0.38,uM,-6.42021640338319,MOAD,ic50=0.38uM
5wou,LEU-LEU,,,kd,=,664.0,nM,-6.1778319206319825,MOAD,Kd=664.0nM
5x54,ACE-TRP,,,kd,=,10.0,uM,-5.0,MOAD,Kd=10.0uM
5xn3,ARG-VAL,,,kd,=,671.0,nM,-6.1732774798310075,MOAD,Kd=671.0nM
5xo2,GLY-SIA,,,kd,=,97.1,uM,-4.012780770091995,MOAD,Kd=97.1uM
5xof,GLY-SIA,,,kd,=,120.6,uM,-3.9186526921958675,MOAD,Kd=120.6uM
5y24,GLY-ALA,,,kd,=,4.6,nM,-8.337242168318426,MOAD,Kd=4.6nM
5yba,GLU-LYS,,,kd,=,16.81,uM,-4.774432286560529,MOAD,Kd=16.81uM
5yd3,ASP-PRO,,,kd,=,480.0,nM,-6.318758762624412,MOAD,Kd=480.0nM
5yd4,ASP-PRO,,,kd,=,13.0,uM,-4.886056647693163,MOAD,Kd=13.0uM
5yd5,ASP-PRO,,,kd,=,1.3,uM,-5.886056647693163,MOAD,Kd=1.3uM
5ygf,ASP-PRO,,,kd,=,0.62,uM,-6.207608310501746,MOAD,Kd=0.62uM
5yqw,NAG-NAG,,,kd,=,31.0,nM,-7.508638306165727,MOAD,Kd=31.0nM
5ysd,GLC-BGC,,,kd,=,11.3,uM,-4.94692155651658,MOAD,Kd=11.3uM
5yse,GLC-BGC,,,kd,=,0.75,uM,-6.1249387366083,MOAD,Kd=0.75uM
5ysf,BGC-BGC,,,kd,=,1.31,uM,-5.882728704344236,MOAD,Kd=1.31uM
5yy4,ASP-PRO,,,kd,=,140.0,nM,-6.853871964321762,MOAD,Kd=140.0nM
5yyf,PHQ-FOA,,,kd,=,0.33,uM,-6.481486060122112,MOAD,Kd=0.33uM
5zys,LEU-VAL,,,kd,=,0.54,uM,-6.267606240177032,MOAD,Kd=0.54uM
6a56,BGC-GAL,,,kd,=,8.849557522123894e-05,M,-4.05307844348342,MOAD,Ka=11300.0M^-1
6a8n,CYS-CYS,,,ki,=,6.8,nM,-8.167491087293763,MOAD,Ki=6.8nM
6apr,IVA-STA,,,ki,<,17.0,nM,-7.769551078621726,MOAD,Ki<17.0nM
6asz,GLN-SER,,,kd,=,19.0,uM,-4.721246399047171,MOAD,Kd=19.0uM
6at0,GLN-SER,,,kd,=,91.7,uM,-4.037630664329979,MOAD,Kd=91.7uM
6b3p,GLC-GLC,,,kd,=,0.0005,M,-3.3010299956639813,MOAD,Kd=0.0005M
6b3p,GLC-GLC,,,kd,=,0.0005,M,-3.3010299956639813,MOAD,Kd=0.0005M
6b5q,PPI-1XY,,,kd,=,5.7,nM,-8.244125144327509,MOAD,Kd=5.7nM
6b67,MET-48V,,,kd,=,8.9,uM,-5.050609993355087,MOAD,Kd=8.9uM
6bj3,ILE-LEU,,,kd,=,17.0,uM,-4.769551078621726,MOAD,Kd=17.0uM
6bn0,NAG-NAG,,,kd,=,6.73,uM,-5.171984935776023,MOAD,Kd=6.73uM
6c5h,GP1-KDO,,,kd,=,370.0,nM,-6.431798275933005,MOAD,Kd=370.0nM
6c5j,GP1-KDO,,,kd,=,68.5,nM,-7.164309428507575,MOAD,Kd=68.5nM
6c5k,GP1-KDO,,,kd,=,68.5,nM,-7.164309428507575,MOAD,Kd=68.5nM
6ccu,PRO-VAL,,,kd,=,35.2,uM,-4.453457336521869,MOAD,Kd=35.2uM
6cd8,PRO-VAL,,,kd,=,19.4,uM,-4.7121982700697735,MOAD,Kd=19.4uM
6cdc,PRO-TRP,,,kd,=,2.5,uM,-5.6020599913279625,MOAD,Kd=2.5uM
6cdg,PRO-SER,,,kd,=,1.9,uM,-5.721246399047171,MOAD,Kd=1.9uM
6cen,ACE-NH2,,,ic50,=,3.2,uM,-5.494850021680094,MOAD,ic50=3.2uM
6cjv,RRY-RRJ,,,ki,=,300.0,nM,-6.522878745280337,MOAD,Ki=300.0nM
6dmf,BGC-BGC,,,kd,=,0.0002949852507374631,M,-3.530199698203082,MOAD,Ka=3390.0M^-1
6dn5,TRP-BAL,,,kd,=,32.0,nM,-7.494850021680094,MOAD,Kd=32.0nM
6dn6,ILE-ABU,,,kd,=,7.0,nM,-8.154901959985743,MOAD,Kd=7.0nM
6dtn,6D6-NH2,,,ki,=,39.0,nM,-7.4089353929735005,MOAD,Ki=39.0nM
6e3d,SER-THR,,,kd,=,1.5,uM,-5.823908740944319,MOAD,Kd=1.5uM
6epz,GLC-GLA,,,kd,=,0.76,uM,-6.119186407719209,MOAD,Kd=0.76uM
6eq1,TTV-GLA,,,kd,=,24.6,uM,-4.609064892896621,MOAD,Kd=24.6uM
6eqv,HY1-00S,,,ki,=,238.0,nM,-6.623423042943488,MOAD,Ki=238.0nM
6eqw,BVK-00S,,,ki,=,22.4,pM,-10.649751981665837,MOAD,Ki=22.4pM
6eqx,ARG-00S,,,ki,=,33.7,pM,-10.47237009912866,MOAD,Ki=33.7pM
6er4,BGC-SIA,,,kd,=,1.7,mM,-2.769551078621726,MOAD,Kd=1.7mM
6exj,ACE-ILE,,,kd,=,47.0,uM,-4.327902142064282,MOAD,Kd=47.0uM
6f8n,NAG-NAG,,,kd,=,0.24,mM,-3.619788758288394,MOAD,Kd=0.24mM
6fau,ACE-D3W,,,kd,=,3.6,uM,-5.443697499232712,MOAD,Kd=3.6uM
6fav,ACE-D3Q,,,kd,=,4.7,uM,-5.327902142064282,MOAD,Kd=4.7uM
6faw,ACE-D3K,,,kd,=,2.7,uM,-5.568636235841012,MOAD,Kd=2.7uM
6fbw,ARG-D4K,,,kd,=,16.5,uM,-4.782516055786093,MOAD,Kd=16.5uM
6fby,ACE-D4H,,,kd,=,9.3,uM,-5.031517051446065,MOAD,Kd=9.3uM
6ffl,GLC-GLC,,,kd,=,8.5,uM,-5.070581074285707,MOAD,Kd=8.5uM
6fhu,ALA-9AT,,,kd,=,2.3,mM,-2.638272163982407,MOAD,Kd=2.3mM
6fi4,PRO-60H,,,kd,=,2.2,uM,-5.657577319177793,MOAD,Kd=2.2uM
6fi5,THR-60H,,,kd,=,3.0,uM,-5.522878745280337,MOAD,Kd=3.0uM
6flg,GZB-VAL,,,ki,=,30.1,nM,-7.521433504406157,MOAD,Ki=30.1nM
6fqr,C-C,,,kd,=,35.0,uM,-4.455931955649724,MOAD,Kd=35.0uM
6frj,ALA-A2G,,,kd,=,141.0,uM,-3.8507808873446203,MOAD,Kd=141.0uM
6fuv,BMA-BMA,,,kd,=,6.4e-08,M,-7.1938200260161125,MOAD,Kd=6.4e-08M
6ghj,PHE-GLN,,,kd,=,6.89,mM,-2.1617807780923743,MOAD,Kd=6.89mM
6gtx,MMA-MAN,,,kd,=,6.4e-08,M,-7.1938200260161125,MOAD,Kd=6.4e-08M
6gty,MMA-MAN,,,kd,=,6.4e-08,M,-7.1938200260161125,MOAD,Kd=6.4e-08M
6gtz,MMA-MAN,,,kd,=,2.3e-05,M,-4.638272163982407,MOAD,Kd=2.3e-05M
6gu0,MMA-MAN,,,kd,=,2.3e-05,M,-4.638272163982407,MOAD,Kd=2.3e-05M
6gx6,A-C,,,kd,=,4.7,uM,-5.327902142064282,MOAD,Kd=4.7uM
6h0h,GAL-GAL,,,kd,=,100.0,nM,-7.0,MOAD,Kd=100.0nM
6h0h,GLA-GAL,,,kd,=,100.0,nM,-7.0,MOAD,Kd=100.0nM
6hhp,ALA-VAL,,,kd,=,32.0,nM,-7.494850021680094,MOAD,Kd=32.0nM
6hjd,NDG-GAL,,,kd,=,10.0,mM,-2.0,MOAD,Kd=10.0mM
6hjd,NAG-GAL,,,kd,=,10.0,mM,-2.0,MOAD,Kd=10.0mM
6hmt,ALA-VAL,,,kd,=,92.0,nM,-7.036212172654444,MOAD,Kd=92.0nM
6hp5,GLY-ALA,,,kd,=,53.8,nM,-7.269217724333611,MOAD,Kd=53.8nM
6hpg,GLY-ASP,,,kd,=,3.17,uM,-5.498940737782249,MOAD,Kd=3.17uM
6i41,LYS-THR,,,kd,=,61.0,uM,-4.214670164989233,MOAD,Kd=61.0uM
6i5p,LYS-THR,,,kd,=,48.0,uM,-4.318758762624412,MOAD,Kd=48.0uM
6i5r,BMA-BMA,,,kd,=,6.4e-08,M,-7.1938200260161125,MOAD,Kd=6.4e-08M
6i5v,BMA-BMA,,,kd,=,6.4e-08,M,-7.1938200260161125,MOAD,Kd=6.4e-08M
6i5w,BMA-BMA,,,kd,=,6.4e-08,M,-7.1938200260161125,MOAD,Kd=6.4e-08M
6i68,LYS-THR,,,kd,=,13.0,uM,-4.886056647693163,MOAD,Kd=13.0uM
6i7a,LYS-THR,,,kd,=,55.0,uM,-4.259637310505756,MOAD,Kd=55.0uM
6ial,BGC-GAL,,,kd,=,5.0,mM,-2.3010299956639813,MOAD,Kd=5.0mM
6iam,GLU-PRO,,,ki,=,207.0,nM,-6.684029654543082,MOAD,Ki=207.0nM
6id4,ALA-LYS,,,kd,=,6.4e-08,M,-7.1938200260161125,MOAD,Kd=6.4e-08M
6idg,64T-5PY,,,kd,=,6.4e-08,M,-7.1938200260161125,MOAD,Kd=6.4e-08M
6im4,GLY-ALA,,,kd,=,40.0,nM,-7.3979400086720375,MOAD,Kd=40.0nM
6inz,NAG-GCD,,,kd,=,1.6,uM,-5.795880017344075,MOAD,Kd=1.6uM
6j67,3FB-PRO,,,ki,=,14.3,uM,-4.844663962534938,MOAD,Ki=14.3uM
6j9w,GLC-GLC,,,kd,=,7.46,uM,-5.127261172527331,MOAD,Kd=7.46uM
6j9y,GLC-GLC,,,kd,=,8.54,uM,-5.068542129310995,MOAD,Kd=8.54uM
6jad,Z9N-GLC,,,kd,=,48.3,uM,-4.316052869248487,MOAD,Kd=48.3uM
6jag,GLC-FRU,,,kd,=,31.5,uM,-4.501689446210399,MOAD,Kd=31.5uM
6jam,GLC-GLC,,,kd,=,5.95,uM,-5.22548303427145,MOAD,Kd=5.95uM
6jan,GLC-GLC,,,kd,=,1.61,uM,-5.79317412396815,MOAD,Kd=1.61uM
6jao,Z9N-GLC,,,kd,=,13.8,uM,-4.860120913598763,MOAD,Kd=13.8uM
6jap,GLC-FRU,,,kd,=,16.02,uM,-4.795337488251781,MOAD,Kd=16.02uM
6jb0,GLC-GLC,,,kd,=,0.058,uM,-7.236572006437063,MOAD,Kd=0.058uM
6jb4,GLC-GLC,,,kd,=,1.04,uM,-5.982966660701219,MOAD,Kd=1.04uM
6jba,Z9N-GLC,,,kd,=,0.41,uM,-6.3872161432802645,MOAD,Kd=0.41uM
6jbb,GLC-FRU,,,kd,=,1.03,uM,-5.987162775294828,MOAD,Kd=1.03uM
6jue,LEU-LEU,,,kd,=,1.1,uM,-5.958607314841775,MOAD,Kd=1.1uM
6kgo,DJ0-FAD,,,ki,=,0.37,uM,-6.431798275933005,MOAD,Ki=0.37uM
6kgq,DJC-FAD,,,ki,=,9.0,nM,-8.045757490560675,MOAD,Ki=9.0nM
6kxa,GTR-ADA,,,kd,~,1700.0,uM,-2.769551078621726,MOAD,Kd~1700.0uM
6kxb,GTR-ADA,,,kd,~,1300.0,uM,-2.886056647693163,MOAD,Kd~1300.0uM
6l1f,ARG-GLY,,,kd,=,0.67,mM,-3.1739251972991736,MOAD,Kd=0.67mM
6lcf,FUB-FUB,,,kd,=,0.15,uM,-6.823908740944319,MOAD,Kd=0.15uM
6ld3,G8O-FB2,,,ic50,=,43.2,uM,-4.364516253185088,MOAD,ic50=43.2uM
6lf2,BGC-GAL,,,kd,=,0.1,mM,-4.0,MOAD,Kd=0.1mM
6lfj,MAN-MAN,,,kd,=,140.0,uM,-3.853871964321762,MOAD,Kd=140.0uM
6lra,VAL-LYS,,,kd,=,0.41,uM,-6.3872161432802645,MOAD,Kd=0.41uM
6lrd,3DR-DTDTDTDTDT,,,kd,=,28.43,nM,-7.546223140309558,MOAD,Kd=28.43nM
6m6p,GLC-BGC,,,kd,=,28.7,uM,-4.542118103266008,MOAD,Kd=28.7uM
6md6,U2A-BGC,,,ki,=,0.00255,M,-2.593459819566045,MOAD,Ki=0.00255M
6mi1,U1Y-BGC,,,kd,=,6.4e-08,M,-7.1938200260161125,MOAD,Kd=6.4e-08M
6ms1,GLY-VAL,,,kd,=,5970.0,nM,-5.224025668870631,MOAD,Kd=5970.0nM
6mtu,PRO-LEU,,,kd,=,6083.0,nM,-5.215882183537077,MOAD,Kd=6083.0nM
6ofq,SER-ALA,,,kd,=,7.06,uM,-5.151195298948196,MOAD,Kd=7.06uM
6phx,GLA-FRU,,,kd,=,478.6,uM,-3.3200273057225815,MOAD,Kd=478.6uM
6pka,OO1-MP8,,,kd,=,1.19,uM,-5.924453038607469,MOAD,Kd=1.19uM
6pre,GLC-GLA,,,kd,=,368.8,uM,-3.4332090876184083,MOAD,Kd=368.8uM
6prg,GLC-GLA,,,kd,=,198.5,uM,-3.702239488900866,MOAD,Kd=198.5uM
6pu3,SER-ALA,,,kd,=,7.06,uM,-5.151195298948196,MOAD,Kd=7.06uM
6q3q,GLY-ASP,,,kd,=,35.2,uM,-4.453457336521869,MOAD,Kd=35.2uM
6r3m,GLC-BGC,,,kd,=,1.9455252918287936e-06,M,-5.710963118995275,MOAD,Ka=514000.0M^-1
6r3m,BGC-BGC,,,kd,=,1.9455252918287936e-06,M,-5.710963118995275,MOAD,Ka=514000.0M^-1
6rd2,THR-K1N,,,kd,=,0.33,uM,-6.481486060122112,MOAD,Kd=0.33uM
6rt6,G-C,,,kd,=,11.1,uM,-4.954677021213342,MOAD,Kd=11.1uM
6rt7,G-U,,,kd,=,3.7,uM,-5.431798275933005,MOAD,Kd=3.7uM
6ryo,MLE-5BV,,,ic50,=,170.7,uM,-3.7677664788852665,MOAD,ic50=170.7uM
6sgf,XYP-XYP,,,kd,=,0.48,mM,-3.318758762624413,MOAD,Kd=0.48mM
6spw,DAS-A0Z,,,ic50,=,4.5,uM,-5.346787486224656,MOAD,ic50=4.5uM
6spx,DAS-9AB,,,ic50,=,44.0,uM,-4.356547323513812,MOAD,ic50=44.0uM
6syi,ASP-LYS,,,ic50,=,13.0,nM,-7.886056647693163,MOAD,ic50=13.0nM
6t1d,GLC-GLA,,,kd,~,780.0,uM,-3.1079053973095196,MOAD,Kd~780.0uM
6t7z,ACY-GLU,,,ic50,=,55.0,nM,-7.259637310505756,MOAD,ic50=55.0nM
6te4,PRO-LYS,,,kd,=,24.0,uM,-4.619788758288394,MOAD,Kd=24.0uM
6th7,O4Q-AA4,,,ic50,=,1.18,nM,-8.928117992693874,MOAD,ic50=1.18nM
6th7,O4Q-AA4,,,ic50,=,1.18,nM,-8.928117992693874,MOAD,ic50=1.18nM
6tmo,GLU-VAL,,,kd,=,0.75,nM,-9.1249387366083,MOAD,Kd=0.75nM
6twu,SER-LEU,,,kd,~,1.0,mM,-3.0,MOAD,Kd~1.0mM
6twx,SER-LEU,,,kd,~,2.5,mM,-2.6020599913279625,MOAD,Kd~2.5mM
6v2e,GLC-GLC,,,ki,=,67.6,nM,-7.170053304058364,MOAD,Ki=67.6nM
6v2o,ALA-TRP,,,kd,=,48.7,uM,-4.3124710387853655,MOAD,Kd=48.7uM
6v2p,ALA-TRP,,,kd,=,56.4,uM,-4.248720896016658,MOAD,Kd=56.4uM
6way,ACE-NH2,,,kd,=,0.15,uM,-6.823908740944319,MOAD,Kd=0.15uM
6wf3,ACE-COA,,,ic50,=,30.0,nM,-7.522878745280337,MOAD,ic50=30.0nM
6wf5,ACE-U44,,,ic50,=,10.5,uM,-4.978810700930062,MOAD,ic50=10.5uM
6wj7,AN6-NH2,,,ki,=,5.4,nM,-8.267606240177031,MOAD,Ki=5.4nM
6wm1,ACE-PRA,,,kd,=,3.846153846153846e-08,M,-7.414973347970818,MOAD,Ka=26000000.0M^-1
6wo2,ACE-U67,,,kd,=,6.25e-08,M,-7.204119982655925,MOAD,Ka=16000000.0M^-1
6x23,LEU-VAL,,,ic50,=,3.5,uM,-5.455931955649724,MOAD,ic50=3.5uM
6xwd,ASN-VAL,,,kd,=,2.18,uM,-5.661543506395395,MOAD,Kd=2.18uM
6y58,VAL-GLU,,,kd,=,15.8,uM,-4.801342913045577,MOAD,Kd=15.8uM
6zfm,TYR-QJE,,,ki,=,26.0,uM,-4.585026652029182,MOAD,Ki=26.0uM
7a5m,ACY-MOH,,,kd,=,0.53,uM,-6.275724130399211,MOAD,Kd=0.53uM
7bvt,GLC-GLC,,,kd,=,9.6,nM,-8.017728766960431,MOAD,Kd=9.6nM
7c66,GLC-BGC,,,kd,=,0.13,uM,-6.886056647693163,MOAD,Kd=0.13uM
7c67,GLC-BGC,,,kd,=,0.24,uM,-6.619788758288394,MOAD,Kd=0.24uM
7c68,BGC-BGC,,,kd,=,0.13,uM,-6.886056647693163,MOAD,Kd=0.13uM
7c69,BGC-BGC,,,kd,=,5.4,uM,-5.267606240177032,MOAD,Kd=5.4uM
7c6g,BGC-BGC,,,kd,=,4385.0,uM,-2.3580304022979406,MOAD,Kd=4385.0uM
7c6h,BGC-BGC,,,kd,=,450.0,uM,-3.3467874862246565,MOAD,Kd=450.0uM
7c6i,BGC-BGC,,,kd,=,334.0,uM,-3.4762535331884354,MOAD,Kd=334.0uM
7c6k,BGC-BGC,,,kd,=,28.7,uM,-4.542118103266008,MOAD,Kd=28.7uM
7c6m,BGC-BGC,,,kd,=,26.9,uM,-4.570247719997592,MOAD,Kd=26.9uM
7c6t,BGC-BGC,,,kd,=,39.3,uM,-4.405607449624574,MOAD,Kd=39.3uM
7c6w,BGC-BGC,,,kd,=,51.8,uM,-4.285670240254767,MOAD,Kd=51.8uM
7c70,BGC-BGC,,,kd,=,16313.2,uM,-1.7874608393259335,MOAD,Kd=16313.2uM
7cdx,GLC-FRU,,,kd,=,42.7,uM,-4.369572124974976,MOAD,Kd=42.7uM
7hvp,ACE-VME,,,ki,=,0.24,nM,-9.619788758288394,MOAD,Ki=0.24nM
7jjc,ASN-ARG,,,kd,=,13.0,uM,-4.886056647693163,MOAD,Kd=13.0uM
7kme,ASP-LEU,,,ki,=,40.0,uM,-4.3979400086720375,MOAD,Ki=40.0uM
8hvp,VAL-VAL,,,ki,<,1.0,nM,-9.0,MOAD,Ki<1.0nM
8kme,ACE-NH2,,,ki,=,8.0,uM,-5.096910013008056,MOAD,Ki=8.0uM
